# What the generation barrier costs: four functions at four parameters, N over
# 8 / 16 / 60, budgets of 120 / 240 / 600 shots, 16 seeds, both variants.
# date: 2026-09-19
# commit: 24e7d0a
# command: python benchmarks/de_pipeline.py run barrier --out benchmarks/results/barrier_4d.csv
variant,function,dimension,population_size,budget,seed,best,completed,submitted,dropped,starved,refills
generational,rastrigin,4,8,120,0,9.920947337240715,120,120,0,0,15
generational,rastrigin,4,8,120,1,12.021225627938211,120,120,0,0,15
generational,rastrigin,4,8,120,2,13.290601002639804,120,120,0,0,15
generational,rastrigin,4,8,120,3,10.549845359504502,120,120,0,0,15
generational,rastrigin,4,8,120,4,12.411865923649714,120,120,0,0,15
generational,rastrigin,4,8,120,5,11.032710442762404,120,120,0,0,15
generational,rastrigin,4,8,120,6,8.629809914619116,120,120,0,0,15
generational,rastrigin,4,8,120,7,11.504086089310327,120,120,0,0,15
generational,rastrigin,4,8,120,8,16.071384223245104,120,120,0,0,15
generational,rastrigin,4,8,120,9,20.360577074126834,120,120,0,0,15
generational,rastrigin,4,8,120,10,7.092798457823875,120,120,0,0,15
generational,rastrigin,4,8,120,11,21.729641879131705,120,120,0,0,15
generational,rastrigin,4,8,120,12,8.735116111942187,120,120,0,0,15
generational,rastrigin,4,8,120,13,22.19112936587515,120,120,0,0,15
generational,rastrigin,4,8,120,14,15.852113183846775,120,120,0,0,15
generational,rastrigin,4,8,120,15,13.332290407309173,120,120,0,0,15
asynchronous,rastrigin,4,8,120,0,12.580891654642041,120,120,0,0,118
asynchronous,rastrigin,4,8,120,1,7.803901460159146,120,120,0,0,118
asynchronous,rastrigin,4,8,120,2,13.41461289222579,120,120,0,0,118
asynchronous,rastrigin,4,8,120,3,9.436419680500688,120,120,0,0,118
asynchronous,rastrigin,4,8,120,4,6.391357060061495,120,120,0,0,118
asynchronous,rastrigin,4,8,120,5,17.20824792802121,120,120,0,0,118
asynchronous,rastrigin,4,8,120,6,5.792687857434835,120,120,0,0,118
asynchronous,rastrigin,4,8,120,7,7.4717423875287,120,120,0,0,118
asynchronous,rastrigin,4,8,120,8,23.504307557794963,120,120,0,0,118
asynchronous,rastrigin,4,8,120,9,17.084795517446516,120,120,0,0,118
asynchronous,rastrigin,4,8,120,10,4.408857571174295,120,120,0,0,118
asynchronous,rastrigin,4,8,120,11,3.5679350630181332,120,120,0,0,118
asynchronous,rastrigin,4,8,120,12,10.745930954282155,120,120,0,0,118
asynchronous,rastrigin,4,8,120,13,18.749105822388998,120,120,0,0,118
asynchronous,rastrigin,4,8,120,14,19.521261460140735,120,120,0,0,118
asynchronous,rastrigin,4,8,120,15,24.485704413231552,120,120,0,0,118
generational,rastrigin,4,8,240,0,6.093412530072136,240,240,0,0,30
generational,rastrigin,4,8,240,1,8.360739908742815,240,240,0,0,30
generational,rastrigin,4,8,240,2,6.1535637287371685,240,240,0,0,30
generational,rastrigin,4,8,240,3,5.44479698830169,240,240,0,0,30
generational,rastrigin,4,8,240,4,8.029261176065425,240,240,0,0,30
generational,rastrigin,4,8,240,5,2.4252514629537387,240,240,0,0,30
generational,rastrigin,4,8,240,6,5.33451682387539,240,240,0,0,30
generational,rastrigin,4,8,240,7,6.1155946375735795,240,240,0,0,30
generational,rastrigin,4,8,240,8,5.084659526053684,240,240,0,0,30
generational,rastrigin,4,8,240,9,8.381634035550505,240,240,0,0,30
generational,rastrigin,4,8,240,10,4.646576588950126,240,240,0,0,30
generational,rastrigin,4,8,240,11,12.249938383758092,240,240,0,0,30
generational,rastrigin,4,8,240,12,4.2456638541543015,240,240,0,0,30
generational,rastrigin,4,8,240,13,10.83472259771186,240,240,0,0,30
generational,rastrigin,4,8,240,14,6.539871612371456,240,240,0,0,30
generational,rastrigin,4,8,240,15,6.340749574436927,240,240,0,0,30
asynchronous,rastrigin,4,8,240,0,3.4803288099612644,240,240,0,0,238
asynchronous,rastrigin,4,8,240,1,2.942272679073504,240,240,0,0,238
asynchronous,rastrigin,4,8,240,2,12.86227600809957,240,240,0,0,238
asynchronous,rastrigin,4,8,240,3,0.7501644097073523,240,240,0,0,238
asynchronous,rastrigin,4,8,240,4,1.8087155075980874,240,240,0,0,238
asynchronous,rastrigin,4,8,240,5,5.255802185050044,240,240,0,0,238
asynchronous,rastrigin,4,8,240,6,3.0015552966622465,240,240,0,0,238
asynchronous,rastrigin,4,8,240,7,5.213072877275096,240,240,0,0,238
asynchronous,rastrigin,4,8,240,8,11.739426255536717,240,240,0,0,238
asynchronous,rastrigin,4,8,240,9,8.040424116689664,240,240,0,0,238
asynchronous,rastrigin,4,8,240,10,3.9878436818534695,240,240,0,0,238
asynchronous,rastrigin,4,8,240,11,1.9996946864770564,240,240,0,0,238
asynchronous,rastrigin,4,8,240,12,5.893501986161141,240,240,0,0,238
asynchronous,rastrigin,4,8,240,13,11.991829087570942,240,240,0,0,238
asynchronous,rastrigin,4,8,240,14,7.806640034880964,240,240,0,0,238
asynchronous,rastrigin,4,8,240,15,9.810199064990378,240,240,0,0,238
generational,rastrigin,4,8,600,0,4.974792487756083,600,600,0,0,75
generational,rastrigin,4,8,600,1,4.107591582046602,600,600,0,0,75
generational,rastrigin,4,8,600,2,1.9900076510471365,600,600,0,0,75
generational,rastrigin,4,8,600,3,1.992021656936835,600,600,0,0,75
generational,rastrigin,4,8,600,4,3.979991415406438,600,600,0,0,75
generational,rastrigin,4,8,600,5,2.0073131835094813,600,600,0,0,75
generational,rastrigin,4,8,600,6,1.9922691501561118,600,600,0,0,75
generational,rastrigin,4,8,600,7,5.969750979121642,600,600,0,0,75
generational,rastrigin,4,8,600,8,3.9798312261614797,600,600,0,0,75
generational,rastrigin,4,8,600,9,5.97601775043951,600,600,0,0,75
generational,rastrigin,4,8,600,10,0.9979794252233702,600,600,0,0,75
generational,rastrigin,4,8,600,11,2.5593268556965114,600,600,0,0,75
generational,rastrigin,4,8,600,12,2.9848777761313983,600,600,0,0,75
generational,rastrigin,4,8,600,13,5.988681713316112,600,600,0,0,75
generational,rastrigin,4,8,600,14,5.300996612976782,600,600,0,0,75
generational,rastrigin,4,8,600,15,4.7228324801993296,600,600,0,0,75
asynchronous,rastrigin,4,8,600,0,1.9922034621495328,600,600,0,0,598
asynchronous,rastrigin,4,8,600,1,0.9953123068953147,600,600,0,0,598
asynchronous,rastrigin,4,8,600,2,4.974877865086711,600,600,0,0,598
asynchronous,rastrigin,4,8,600,3,3.092580605823514e-06,600,600,0,0,598
asynchronous,rastrigin,4,8,600,4,0.9950031802346686,600,600,0,0,598
asynchronous,rastrigin,4,8,600,5,1.9899448236344526,600,600,0,0,598
asynchronous,rastrigin,4,8,600,6,2.9848771732342954,600,600,0,0,598
asynchronous,rastrigin,4,8,600,7,4.974790457426742,600,600,0,0,598
asynchronous,rastrigin,4,8,600,8,1.154167675186521,600,600,0,0,598
asynchronous,rastrigin,4,8,600,9,1.9901164652733172,600,600,0,0,598
asynchronous,rastrigin,4,8,600,10,3.979851275590235,600,600,0,0,598
asynchronous,rastrigin,4,8,600,11,1.9899181153199663,600,600,0,0,598
asynchronous,rastrigin,4,8,600,12,2.984971011010856,600,600,0,0,598
asynchronous,rastrigin,4,8,600,13,6.964733073034743,600,600,0,0,598
asynchronous,rastrigin,4,8,600,14,5.969753992837752,600,600,0,0,598
asynchronous,rastrigin,4,8,600,15,8.95462145036418,600,600,0,0,598
generational,rastrigin,4,16,120,0,13.763043382133429,120,120,0,0,8
generational,rastrigin,4,16,120,1,8.653030425474427,120,120,0,0,8
generational,rastrigin,4,16,120,2,18.85659155160052,120,120,0,0,8
generational,rastrigin,4,16,120,3,11.822096070831563,120,120,0,0,8
generational,rastrigin,4,16,120,4,19.334090445768638,120,120,0,0,8
generational,rastrigin,4,16,120,5,15.680684533009178,120,120,0,0,8
generational,rastrigin,4,16,120,6,14.027426537402736,120,120,0,0,8
generational,rastrigin,4,16,120,7,20.063526144045966,120,120,0,0,8
generational,rastrigin,4,16,120,8,12.715113627250396,120,120,0,0,8
generational,rastrigin,4,16,120,9,17.076249223597607,120,120,0,0,8
generational,rastrigin,4,16,120,10,18.962626084413948,120,120,0,0,8
generational,rastrigin,4,16,120,11,19.150541968787074,120,120,0,0,8
generational,rastrigin,4,16,120,12,10.403614666222921,120,120,0,0,8
generational,rastrigin,4,16,120,13,15.795078427684274,120,120,0,0,8
generational,rastrigin,4,16,120,14,20.455270406104994,120,120,0,0,8
generational,rastrigin,4,16,120,15,10.716352745680215,120,120,0,0,8
asynchronous,rastrigin,4,16,120,0,17.35500152731437,120,120,0,0,118
asynchronous,rastrigin,4,16,120,1,21.60001726159163,120,120,0,0,118
asynchronous,rastrigin,4,16,120,2,18.7263283342865,120,120,0,0,118
asynchronous,rastrigin,4,16,120,3,11.713573797636503,120,120,0,0,118
asynchronous,rastrigin,4,16,120,4,24.894682818539017,120,120,0,0,118
asynchronous,rastrigin,4,16,120,5,28.718738947952716,120,120,0,0,118
asynchronous,rastrigin,4,16,120,6,21.67805463730451,120,120,0,0,118
asynchronous,rastrigin,4,16,120,7,7.702890504589931,120,120,0,0,118
asynchronous,rastrigin,4,16,120,8,10.94215441243401,120,120,0,0,118
asynchronous,rastrigin,4,16,120,9,10.08402374387472,120,120,0,0,118
asynchronous,rastrigin,4,16,120,10,18.118204975048165,120,120,0,0,118
asynchronous,rastrigin,4,16,120,11,20.63501080143758,120,120,0,0,118
asynchronous,rastrigin,4,16,120,12,22.622872271689644,120,120,0,0,118
asynchronous,rastrigin,4,16,120,13,16.852203122814746,120,120,0,0,118
asynchronous,rastrigin,4,16,120,14,16.568607371225415,120,120,0,0,118
asynchronous,rastrigin,4,16,120,15,16.291398730974684,120,120,0,0,118
generational,rastrigin,4,16,240,0,13.763043382133429,240,240,0,0,15
generational,rastrigin,4,16,240,1,8.653030425474427,240,240,0,0,15
generational,rastrigin,4,16,240,2,11.964223151722287,240,240,0,0,15
generational,rastrigin,4,16,240,3,11.822096070831563,240,240,0,0,15
generational,rastrigin,4,16,240,4,19.334090445768638,240,240,0,0,15
generational,rastrigin,4,16,240,5,11.440804234543851,240,240,0,0,15
generational,rastrigin,4,16,240,6,14.027426537402736,240,240,0,0,15
generational,rastrigin,4,16,240,7,12.3650397017486,240,240,0,0,15
generational,rastrigin,4,16,240,8,4.664399733918152,240,240,0,0,15
generational,rastrigin,4,16,240,9,14.46908930909926,240,240,0,0,15
generational,rastrigin,4,16,240,10,11.531752083608712,240,240,0,0,15
generational,rastrigin,4,16,240,11,16.70145269097333,240,240,0,0,15
generational,rastrigin,4,16,240,12,7.154731272348435,240,240,0,0,15
generational,rastrigin,4,16,240,13,13.771307880214614,240,240,0,0,15
generational,rastrigin,4,16,240,14,12.86174480422632,240,240,0,0,15
generational,rastrigin,4,16,240,15,3.7560162397065966,240,240,0,0,15
asynchronous,rastrigin,4,16,240,0,9.18565557090525,240,240,0,0,238
asynchronous,rastrigin,4,16,240,1,12.513150397337558,240,240,0,0,238
asynchronous,rastrigin,4,16,240,2,17.33287164468716,240,240,0,0,238
asynchronous,rastrigin,4,16,240,3,11.713573797636503,240,240,0,0,238
asynchronous,rastrigin,4,16,240,4,7.305465381274502,240,240,0,0,238
asynchronous,rastrigin,4,16,240,5,18.223117229458634,240,240,0,0,238
asynchronous,rastrigin,4,16,240,6,9.590393761345965,240,240,0,0,238
asynchronous,rastrigin,4,16,240,7,6.835130252870883,240,240,0,0,238
asynchronous,rastrigin,4,16,240,8,10.94215441243401,240,240,0,0,238
asynchronous,rastrigin,4,16,240,9,6.195162940482803,240,240,0,0,238
asynchronous,rastrigin,4,16,240,10,3.9642934879485523,240,240,0,0,238
asynchronous,rastrigin,4,16,240,11,9.182522203123927,240,240,0,0,238
asynchronous,rastrigin,4,16,240,12,16.328304279089703,240,240,0,0,238
asynchronous,rastrigin,4,16,240,13,13.969298765868185,240,240,0,0,238
asynchronous,rastrigin,4,16,240,14,3.834820900252808,240,240,0,0,238
asynchronous,rastrigin,4,16,240,15,5.955650420455427,240,240,0,0,238
generational,rastrigin,4,16,600,0,7.94160452282339,600,600,0,0,38
generational,rastrigin,4,16,600,1,2.8059606636637966,600,600,0,0,38
generational,rastrigin,4,16,600,2,3.473612060148035,600,600,0,0,38
generational,rastrigin,4,16,600,3,6.377197443422631,600,600,0,0,38
generational,rastrigin,4,16,600,4,1.162324122908501,600,600,0,0,38
generational,rastrigin,4,16,600,5,4.466924567384119,600,600,0,0,38
generational,rastrigin,4,16,600,6,4.657102519185031,600,600,0,0,38
generational,rastrigin,4,16,600,7,2.456630600267019,600,600,0,0,38
generational,rastrigin,4,16,600,8,1.8887619021247701,600,600,0,0,38
generational,rastrigin,4,16,600,9,3.1174215842139077,600,600,0,0,38
generational,rastrigin,4,16,600,10,9.0397354951164,600,600,0,0,38
generational,rastrigin,4,16,600,11,4.990442644296934,600,600,0,0,38
generational,rastrigin,4,16,600,12,0.23584132247722778,600,600,0,0,38
generational,rastrigin,4,16,600,13,6.4049916006562455,600,600,0,0,38
generational,rastrigin,4,16,600,14,2.686335787239571,600,600,0,0,38
generational,rastrigin,4,16,600,15,0.05792152820957597,600,600,0,0,38
asynchronous,rastrigin,4,16,600,0,1.056602348755895,600,600,0,0,598
asynchronous,rastrigin,4,16,600,1,3.0465894872616133,600,600,0,0,598
asynchronous,rastrigin,4,16,600,2,4.413726621716414,600,600,0,0,598
asynchronous,rastrigin,4,16,600,3,2.1002040288682693,600,600,0,0,598
asynchronous,rastrigin,4,16,600,4,2.198461497713531,600,600,0,0,598
asynchronous,rastrigin,4,16,600,5,2.7631276832846225,600,600,0,0,598
asynchronous,rastrigin,4,16,600,6,4.294344404413238,600,600,0,0,598
asynchronous,rastrigin,4,16,600,7,1.005433570970979,600,600,0,0,598
asynchronous,rastrigin,4,16,600,8,5.62167234671103,600,600,0,0,598
asynchronous,rastrigin,4,16,600,9,6.195162940482803,600,600,0,0,598
asynchronous,rastrigin,4,16,600,10,3.9642934879485523,600,600,0,0,598
asynchronous,rastrigin,4,16,600,11,3.410930372615937,600,600,0,0,598
asynchronous,rastrigin,4,16,600,12,3.6408954601270693,600,600,0,0,598
asynchronous,rastrigin,4,16,600,13,9.117364008465685,600,600,0,0,598
asynchronous,rastrigin,4,16,600,14,1.0218425088280583,600,600,0,0,598
asynchronous,rastrigin,4,16,600,15,3.386561655074267,600,600,0,0,598
generational,rastrigin,4,60,120,0,22.119080737672626,120,120,0,0,2
generational,rastrigin,4,60,120,1,25.5399533803624,120,120,0,0,2
generational,rastrigin,4,60,120,2,28.773275447567848,120,120,0,0,2
generational,rastrigin,4,60,120,3,17.76410557552335,120,120,0,0,2
generational,rastrigin,4,60,120,4,29.726346416123715,120,120,0,0,2
generational,rastrigin,4,60,120,5,25.261945258875112,120,120,0,0,2
generational,rastrigin,4,60,120,6,25.74328688414161,120,120,0,0,2
generational,rastrigin,4,60,120,7,8.94751496637683,120,120,0,0,2
generational,rastrigin,4,60,120,8,27.39258463802181,120,120,0,0,2
generational,rastrigin,4,60,120,9,24.452376728657065,120,120,0,0,2
generational,rastrigin,4,60,120,10,31.209953182564757,120,120,0,0,2
generational,rastrigin,4,60,120,11,15.505862710461301,120,120,0,0,2
generational,rastrigin,4,60,120,12,23.801318742647283,120,120,0,0,2
generational,rastrigin,4,60,120,13,25.032933720218193,120,120,0,0,2
generational,rastrigin,4,60,120,14,26.469437897275355,120,120,0,0,2
generational,rastrigin,4,60,120,15,21.932781262490437,120,120,0,0,2
asynchronous,rastrigin,4,60,120,0,30.372034565048516,120,120,0,0,118
asynchronous,rastrigin,4,60,120,1,20.185803935190386,120,120,0,0,118
asynchronous,rastrigin,4,60,120,2,26.16284763227867,120,120,0,0,118
asynchronous,rastrigin,4,60,120,3,12.982210471686066,120,120,0,0,118
asynchronous,rastrigin,4,60,120,4,13.862071587375148,120,120,0,0,118
asynchronous,rastrigin,4,60,120,5,30.477817988122432,120,120,0,0,118
asynchronous,rastrigin,4,60,120,6,25.774953477432273,120,120,0,0,118
asynchronous,rastrigin,4,60,120,7,21.794281954495393,120,120,0,0,118
asynchronous,rastrigin,4,60,120,8,39.48118738207552,120,120,0,0,118
asynchronous,rastrigin,4,60,120,9,24.452376728657065,120,120,0,0,118
asynchronous,rastrigin,4,60,120,10,31.209953182564757,120,120,0,0,118
asynchronous,rastrigin,4,60,120,11,14.617638361302326,120,120,0,0,118
asynchronous,rastrigin,4,60,120,12,23.801318742647283,120,120,0,0,118
asynchronous,rastrigin,4,60,120,13,25.032933720218193,120,120,0,0,118
asynchronous,rastrigin,4,60,120,14,26.469437897275355,120,120,0,0,118
asynchronous,rastrigin,4,60,120,15,23.220432463999717,120,120,0,0,118
generational,rastrigin,4,60,240,0,8.128466350417007,240,240,0,0,4
generational,rastrigin,4,60,240,1,23.927790733284528,240,240,0,0,4
generational,rastrigin,4,60,240,2,24.5251168848478,240,240,0,0,4
generational,rastrigin,4,60,240,3,17.76410557552335,240,240,0,0,4
generational,rastrigin,4,60,240,4,20.295913111759035,240,240,0,0,4
generational,rastrigin,4,60,240,5,21.836472785636566,240,240,0,0,4
generational,rastrigin,4,60,240,6,24.35403749331091,240,240,0,0,4
generational,rastrigin,4,60,240,7,8.94751496637683,240,240,0,0,4
generational,rastrigin,4,60,240,8,21.334412449235707,240,240,0,0,4
generational,rastrigin,4,60,240,9,17.329038258052393,240,240,0,0,4
generational,rastrigin,4,60,240,10,24.63464327955588,240,240,0,0,4
generational,rastrigin,4,60,240,11,15.505862710461301,240,240,0,0,4
generational,rastrigin,4,60,240,12,16.827113112084326,240,240,0,0,4
generational,rastrigin,4,60,240,13,25.032933720218193,240,240,0,0,4
generational,rastrigin,4,60,240,14,14.70633292428968,240,240,0,0,4
generational,rastrigin,4,60,240,15,21.932781262490437,240,240,0,0,4
asynchronous,rastrigin,4,60,240,0,13.409048042963146,240,240,0,0,238
asynchronous,rastrigin,4,60,240,1,19.733167585834245,240,240,0,0,238
asynchronous,rastrigin,4,60,240,2,21.959980694731932,240,240,0,0,238
asynchronous,rastrigin,4,60,240,3,12.982210471686066,240,240,0,0,238
asynchronous,rastrigin,4,60,240,4,13.862071587375148,240,240,0,0,238
asynchronous,rastrigin,4,60,240,5,24.880645249404814,240,240,0,0,238
asynchronous,rastrigin,4,60,240,6,18.99460152009755,240,240,0,0,238
asynchronous,rastrigin,4,60,240,7,20.25310717536042,240,240,0,0,238
asynchronous,rastrigin,4,60,240,8,28.803870212604217,240,240,0,0,238
asynchronous,rastrigin,4,60,240,9,24.289068785669674,240,240,0,0,238
asynchronous,rastrigin,4,60,240,10,27.34666361631346,240,240,0,0,238
asynchronous,rastrigin,4,60,240,11,14.617638361302326,240,240,0,0,238
asynchronous,rastrigin,4,60,240,12,19.125474440118143,240,240,0,0,238
asynchronous,rastrigin,4,60,240,13,23.86406908442239,240,240,0,0,238
asynchronous,rastrigin,4,60,240,14,26.469437897275355,240,240,0,0,238
asynchronous,rastrigin,4,60,240,15,22.499785234592984,240,240,0,0,238
generational,rastrigin,4,60,600,0,6.374207508181392,600,600,0,0,10
generational,rastrigin,4,60,600,1,15.271158340169364,600,600,0,0,10
generational,rastrigin,4,60,600,2,7.8517066470180055,600,600,0,0,10
generational,rastrigin,4,60,600,3,12.390403764562286,600,600,0,0,10
generational,rastrigin,4,60,600,4,13.791357099355054,600,600,0,0,10
generational,rastrigin,4,60,600,5,2.1208192310790253,600,600,0,0,10
generational,rastrigin,4,60,600,6,10.024185224030873,600,600,0,0,10
generational,rastrigin,4,60,600,7,5.278599750516207,600,600,0,0,10
generational,rastrigin,4,60,600,8,10.564013127386737,600,600,0,0,10
generational,rastrigin,4,60,600,9,14.110212381943136,600,600,0,0,10
generational,rastrigin,4,60,600,10,13.324405747361244,600,600,0,0,10
generational,rastrigin,4,60,600,11,12.343698447164158,600,600,0,0,10
generational,rastrigin,4,60,600,12,4.622969425661971,600,600,0,0,10
generational,rastrigin,4,60,600,13,12.59859385383115,600,600,0,0,10
generational,rastrigin,4,60,600,14,10.00248581216961,600,600,0,0,10
generational,rastrigin,4,60,600,15,12.887679863068527,600,600,0,0,10
asynchronous,rastrigin,4,60,600,0,8.482595461120287,600,600,0,0,598
asynchronous,rastrigin,4,60,600,1,12.454042012381347,600,600,0,0,598
asynchronous,rastrigin,4,60,600,2,10.454700797999436,600,600,0,0,598
asynchronous,rastrigin,4,60,600,3,6.7251665198614035,600,600,0,0,598
asynchronous,rastrigin,4,60,600,4,7.232072424851168,600,600,0,0,598
asynchronous,rastrigin,4,60,600,5,11.397854622026486,600,600,0,0,598
asynchronous,rastrigin,4,60,600,6,10.029653689813955,600,600,0,0,598
asynchronous,rastrigin,4,60,600,7,4.458623394329699,600,600,0,0,598
asynchronous,rastrigin,4,60,600,8,13.397401477863092,600,600,0,0,598
asynchronous,rastrigin,4,60,600,9,20.92752064601283,600,600,0,0,598
asynchronous,rastrigin,4,60,600,10,8.822612921074814,600,600,0,0,598
asynchronous,rastrigin,4,60,600,11,14.57413939683899,600,600,0,0,598
asynchronous,rastrigin,4,60,600,12,7.914663599569494,600,600,0,0,598
asynchronous,rastrigin,4,60,600,13,7.8162567473911935,600,600,0,0,598
asynchronous,rastrigin,4,60,600,14,13.62941639150403,600,600,0,0,598
asynchronous,rastrigin,4,60,600,15,10.687023538877028,600,600,0,0,598
generational,sphere,4,8,120,0,0.262017566361108,120,120,0,0,15
generational,sphere,4,8,120,1,0.4194690911501707,120,120,0,0,15
generational,sphere,4,8,120,2,0.012419946308392405,120,120,0,0,15
generational,sphere,4,8,120,3,0.0860228334455839,120,120,0,0,15
generational,sphere,4,8,120,4,0.1272843338094722,120,120,0,0,15
generational,sphere,4,8,120,5,0.4562429216085607,120,120,0,0,15
generational,sphere,4,8,120,6,0.16972602585366145,120,120,0,0,15
generational,sphere,4,8,120,7,0.18152483106140993,120,120,0,0,15
generational,sphere,4,8,120,8,0.18895531237320706,120,120,0,0,15
generational,sphere,4,8,120,9,0.1802535910444633,120,120,0,0,15
generational,sphere,4,8,120,10,0.06383010672114095,120,120,0,0,15
generational,sphere,4,8,120,11,0.06710265435197588,120,120,0,0,15
generational,sphere,4,8,120,12,0.33949936798925223,120,120,0,0,15
generational,sphere,4,8,120,13,0.142488157763007,120,120,0,0,15
generational,sphere,4,8,120,14,0.417942803790887,120,120,0,0,15
generational,sphere,4,8,120,15,0.009381936100432722,120,120,0,0,15
asynchronous,sphere,4,8,120,0,0.24297393671768544,120,120,0,0,118
asynchronous,sphere,4,8,120,1,0.2028157309488219,120,120,0,0,118
asynchronous,sphere,4,8,120,2,0.056961426780361354,120,120,0,0,118
asynchronous,sphere,4,8,120,3,0.11468114182205472,120,120,0,0,118
asynchronous,sphere,4,8,120,4,0.1460934852028336,120,120,0,0,118
asynchronous,sphere,4,8,120,5,0.17490439664438256,120,120,0,0,118
asynchronous,sphere,4,8,120,6,0.3565560253874175,120,120,0,0,118
asynchronous,sphere,4,8,120,7,0.19021917543076375,120,120,0,0,118
asynchronous,sphere,4,8,120,8,0.007057151967732089,120,120,0,0,118
asynchronous,sphere,4,8,120,9,0.42849067078310676,120,120,0,0,118
asynchronous,sphere,4,8,120,10,0.00963062917191639,120,120,0,0,118
asynchronous,sphere,4,8,120,11,0.23314955911556043,120,120,0,0,118
asynchronous,sphere,4,8,120,12,0.4732901558960521,120,120,0,0,118
asynchronous,sphere,4,8,120,13,0.11916961085815306,120,120,0,0,118
asynchronous,sphere,4,8,120,14,0.12476416083934537,120,120,0,0,118
asynchronous,sphere,4,8,120,15,0.013364785007647824,120,120,0,0,118
generational,sphere,4,8,240,0,0.0004187884055966569,240,240,0,0,30
generational,sphere,4,8,240,1,0.0009567849555086594,240,240,0,0,30
generational,sphere,4,8,240,2,0.00017452371613940615,240,240,0,0,30
generational,sphere,4,8,240,3,0.00037334136445998597,240,240,0,0,30
generational,sphere,4,8,240,4,0.0017425397908096816,240,240,0,0,30
generational,sphere,4,8,240,5,0.003787585297542211,240,240,0,0,30
generational,sphere,4,8,240,6,0.0025132997534290237,240,240,0,0,30
generational,sphere,4,8,240,7,0.0018430083503019649,240,240,0,0,30
generational,sphere,4,8,240,8,0.0012063381266601652,240,240,0,0,30
generational,sphere,4,8,240,9,0.019540670841695074,240,240,0,0,30
generational,sphere,4,8,240,10,0.005571560761468711,240,240,0,0,30
generational,sphere,4,8,240,11,0.0028351194395699153,240,240,0,0,30
generational,sphere,4,8,240,12,0.005473891946667291,240,240,0,0,30
generational,sphere,4,8,240,13,0.0010981640515150667,240,240,0,0,30
generational,sphere,4,8,240,14,0.002149099647658614,240,240,0,0,30
generational,sphere,4,8,240,15,0.00021613555632620725,240,240,0,0,30
asynchronous,sphere,4,8,240,0,0.03488086853492573,240,240,0,0,238
asynchronous,sphere,4,8,240,1,0.00387764159790043,240,240,0,0,238
asynchronous,sphere,4,8,240,2,0.0005310056424553921,240,240,0,0,238
asynchronous,sphere,4,8,240,3,0.005994100929704832,240,240,0,0,238
asynchronous,sphere,4,8,240,4,1.2957582486122539e-05,240,240,0,0,238
asynchronous,sphere,4,8,240,5,0.05329692911138687,240,240,0,0,238
asynchronous,sphere,4,8,240,6,0.17948281887441697,240,240,0,0,238
asynchronous,sphere,4,8,240,7,0.02788867155181894,240,240,0,0,238
asynchronous,sphere,4,8,240,8,7.730929653710592e-05,240,240,0,0,238
asynchronous,sphere,4,8,240,9,0.08382783793982662,240,240,0,0,238
asynchronous,sphere,4,8,240,10,0.00018935511124718905,240,240,0,0,238
asynchronous,sphere,4,8,240,11,0.0009062945270898548,240,240,0,0,238
asynchronous,sphere,4,8,240,12,0.042958940949717465,240,240,0,0,238
asynchronous,sphere,4,8,240,13,0.00010831482827669302,240,240,0,0,238
asynchronous,sphere,4,8,240,14,0.0002718356448849792,240,240,0,0,238
asynchronous,sphere,4,8,240,15,0.0003208750750680335,240,240,0,0,238
generational,sphere,4,8,600,0,1.2843396955806515e-08,600,600,0,0,75
generational,sphere,4,8,600,1,5.378309725881234e-09,600,600,0,0,75
generational,sphere,4,8,600,2,9.887916096521416e-10,600,600,0,0,75
generational,sphere,4,8,600,3,5.9258555476761e-09,600,600,0,0,75
generational,sphere,4,8,600,4,0.0002518116867344336,600,600,0,0,75
generational,sphere,4,8,600,5,1.7989174133051924e-08,600,600,0,0,75
generational,sphere,4,8,600,6,1.2143242745250442e-09,600,600,0,0,75
generational,sphere,4,8,600,7,4.788576766629803e-07,600,600,0,0,75
generational,sphere,4,8,600,8,1.1406357538005724e-10,600,600,0,0,75
generational,sphere,4,8,600,9,0.00264001235981191,600,600,0,0,75
generational,sphere,4,8,600,10,5.531565812732395e-10,600,600,0,0,75
generational,sphere,4,8,600,11,4.078104118733512e-07,600,600,0,0,75
generational,sphere,4,8,600,12,8.201617770324246e-11,600,600,0,0,75
generational,sphere,4,8,600,13,4.6465177574751897e-08,600,600,0,0,75
generational,sphere,4,8,600,14,2.079918571784387e-09,600,600,0,0,75
generational,sphere,4,8,600,15,1.116547190204062e-09,600,600,0,0,75
asynchronous,sphere,4,8,600,0,2.0602331185626633e-08,600,600,0,0,598
asynchronous,sphere,4,8,600,1,2.3363775082464677e-09,600,600,0,0,598
asynchronous,sphere,4,8,600,2,1.9733265681164368e-05,600,600,0,0,598
asynchronous,sphere,4,8,600,3,1.7849388300003027e-05,600,600,0,0,598
asynchronous,sphere,4,8,600,4,8.633556278532656e-11,600,600,0,0,598
asynchronous,sphere,4,8,600,5,8.978653471608295e-05,600,600,0,0,598
asynchronous,sphere,4,8,600,6,4.005212148689952e-06,600,600,0,0,598
asynchronous,sphere,4,8,600,7,1.2747374260444808e-05,600,600,0,0,598
asynchronous,sphere,4,8,600,8,7.81246722347595e-10,600,600,0,0,598
asynchronous,sphere,4,8,600,9,3.167832103180898e-05,600,600,0,0,598
asynchronous,sphere,4,8,600,10,2.2691201003645422e-10,600,600,0,0,598
asynchronous,sphere,4,8,600,11,1.0224213624345504e-10,600,600,0,0,598
asynchronous,sphere,4,8,600,12,1.192294052661817e-07,600,600,0,0,598
asynchronous,sphere,4,8,600,13,2.9951109226266304e-11,600,600,0,0,598
asynchronous,sphere,4,8,600,14,1.5399657719413298e-09,600,600,0,0,598
asynchronous,sphere,4,8,600,15,2.1709113515418966e-06,600,600,0,0,598
generational,sphere,4,16,120,0,0.986440289373209,120,120,0,0,8
generational,sphere,4,16,120,1,0.9972482164695191,120,120,0,0,8
generational,sphere,4,16,120,2,1.3231998592131777,120,120,0,0,8
generational,sphere,4,16,120,3,2.1377667767861777,120,120,0,0,8
generational,sphere,4,16,120,4,2.62837440681273,120,120,0,0,8
generational,sphere,4,16,120,5,0.879713909566303,120,120,0,0,8
generational,sphere,4,16,120,6,0.547546403431299,120,120,0,0,8
generational,sphere,4,16,120,7,0.8941424820948072,120,120,0,0,8
generational,sphere,4,16,120,8,0.33610862630250393,120,120,0,0,8
generational,sphere,4,16,120,9,0.9226799286781727,120,120,0,0,8
generational,sphere,4,16,120,10,0.5875686338347337,120,120,0,0,8
generational,sphere,4,16,120,11,2.610568770607279,120,120,0,0,8
generational,sphere,4,16,120,12,1.776373428128137,120,120,0,0,8
generational,sphere,4,16,120,13,0.8783120785226926,120,120,0,0,8
generational,sphere,4,16,120,14,0.4442632625393375,120,120,0,0,8
generational,sphere,4,16,120,15,1.2840612192923604,120,120,0,0,8
asynchronous,sphere,4,16,120,0,0.15389144298109364,120,120,0,0,118
asynchronous,sphere,4,16,120,1,1.1029548854843805,120,120,0,0,118
asynchronous,sphere,4,16,120,2,0.17157008091434792,120,120,0,0,118
asynchronous,sphere,4,16,120,3,1.1937074005183796,120,120,0,0,118
asynchronous,sphere,4,16,120,4,0.020746265107614466,120,120,0,0,118
asynchronous,sphere,4,16,120,5,1.2541635691405564,120,120,0,0,118
asynchronous,sphere,4,16,120,6,0.506128687919758,120,120,0,0,118
asynchronous,sphere,4,16,120,7,0.5196498335776933,120,120,0,0,118
asynchronous,sphere,4,16,120,8,1.47450152056435,120,120,0,0,118
asynchronous,sphere,4,16,120,9,0.48210750540463415,120,120,0,0,118
asynchronous,sphere,4,16,120,10,0.24561761264346643,120,120,0,0,118
asynchronous,sphere,4,16,120,11,0.3234434138674112,120,120,0,0,118
asynchronous,sphere,4,16,120,12,0.24511827665989752,120,120,0,0,118
asynchronous,sphere,4,16,120,13,0.5319299608200465,120,120,0,0,118
asynchronous,sphere,4,16,120,14,0.2036344027282437,120,120,0,0,118
asynchronous,sphere,4,16,120,15,1.0640023334980981,120,120,0,0,118
generational,sphere,4,16,240,0,0.2201422037005012,240,240,0,0,15
generational,sphere,4,16,240,1,0.03558439208551177,240,240,0,0,15
generational,sphere,4,16,240,2,0.08471070679806918,240,240,0,0,15
generational,sphere,4,16,240,3,0.25037313643730374,240,240,0,0,15
generational,sphere,4,16,240,4,0.06761393664562641,240,240,0,0,15
generational,sphere,4,16,240,5,0.06818443363478703,240,240,0,0,15
generational,sphere,4,16,240,6,0.06361136249559403,240,240,0,0,15
generational,sphere,4,16,240,7,0.013202526458573274,240,240,0,0,15
generational,sphere,4,16,240,8,0.019970690954600585,240,240,0,0,15
generational,sphere,4,16,240,9,0.031148409786102192,240,240,0,0,15
generational,sphere,4,16,240,10,0.10391700507592137,240,240,0,0,15
generational,sphere,4,16,240,11,0.03671737040387747,240,240,0,0,15
generational,sphere,4,16,240,12,0.08622010584414308,240,240,0,0,15
generational,sphere,4,16,240,13,0.03681016189472281,240,240,0,0,15
generational,sphere,4,16,240,14,0.057560155791347996,240,240,0,0,15
generational,sphere,4,16,240,15,0.016874883902257987,240,240,0,0,15
asynchronous,sphere,4,16,240,0,0.006270499727454366,240,240,0,0,238
asynchronous,sphere,4,16,240,1,0.018263874297470936,240,240,0,0,238
asynchronous,sphere,4,16,240,2,0.07672314402691774,240,240,0,0,238
asynchronous,sphere,4,16,240,3,0.03442928211167828,240,240,0,0,238
asynchronous,sphere,4,16,240,4,0.001874233176472723,240,240,0,0,238
asynchronous,sphere,4,16,240,5,0.038190197378861104,240,240,0,0,238
asynchronous,sphere,4,16,240,6,0.007782576980592235,240,240,0,0,238
asynchronous,sphere,4,16,240,7,0.05676724919713045,240,240,0,0,238
asynchronous,sphere,4,16,240,8,0.07629827416515754,240,240,0,0,238
asynchronous,sphere,4,16,240,9,0.014006961863969629,240,240,0,0,238
asynchronous,sphere,4,16,240,10,0.01639257133596064,240,240,0,0,238
asynchronous,sphere,4,16,240,11,0.08459685552592458,240,240,0,0,238
asynchronous,sphere,4,16,240,12,0.0218004859694615,240,240,0,0,238
asynchronous,sphere,4,16,240,13,0.06606304696455803,240,240,0,0,238
asynchronous,sphere,4,16,240,14,0.00985964035658146,240,240,0,0,238
asynchronous,sphere,4,16,240,15,0.053844600414807764,240,240,0,0,238
generational,sphere,4,16,600,0,7.4136441029736285e-06,600,600,0,0,38
generational,sphere,4,16,600,1,8.812749176037646e-06,600,600,0,0,38
generational,sphere,4,16,600,2,2.1436729021229956e-05,600,600,0,0,38
generational,sphere,4,16,600,3,0.00014543667057096815,600,600,0,0,38
generational,sphere,4,16,600,4,8.630717001579526e-05,600,600,0,0,38
generational,sphere,4,16,600,5,4.5816478043187205e-05,600,600,0,0,38
generational,sphere,4,16,600,6,2.1120063251811908e-06,600,600,0,0,38
generational,sphere,4,16,600,7,4.664804646069956e-05,600,600,0,0,38
generational,sphere,4,16,600,8,1.4618579933866574e-05,600,600,0,0,38
generational,sphere,4,16,600,9,1.732227135353864e-05,600,600,0,0,38
generational,sphere,4,16,600,10,5.581169940692766e-05,600,600,0,0,38
generational,sphere,4,16,600,11,6.891847994554274e-06,600,600,0,0,38
generational,sphere,4,16,600,12,1.101421305046169e-05,600,600,0,0,38
generational,sphere,4,16,600,13,1.110143382540431e-05,600,600,0,0,38
generational,sphere,4,16,600,14,4.844129026066118e-06,600,600,0,0,38
generational,sphere,4,16,600,15,1.0320478132126901e-05,600,600,0,0,38
asynchronous,sphere,4,16,600,0,4.4956243517406665e-07,600,600,0,0,598
asynchronous,sphere,4,16,600,1,9.969447286975823e-06,600,600,0,0,598
asynchronous,sphere,4,16,600,2,1.8463957825275477e-05,600,600,0,0,598
asynchronous,sphere,4,16,600,3,1.4939082743735338e-05,600,600,0,0,598
asynchronous,sphere,4,16,600,4,2.374937008440521e-08,600,600,0,0,598
asynchronous,sphere,4,16,600,5,2.0863064648485534e-06,600,600,0,0,598
asynchronous,sphere,4,16,600,6,2.9577068560513284e-07,600,600,0,0,598
asynchronous,sphere,4,16,600,7,2.1478133505306864e-06,600,600,0,0,598
asynchronous,sphere,4,16,600,8,1.5000588038572851e-05,600,600,0,0,598
asynchronous,sphere,4,16,600,9,4.7273646680782065e-06,600,600,0,0,598
asynchronous,sphere,4,16,600,10,3.975957097438617e-06,600,600,0,0,598
asynchronous,sphere,4,16,600,11,5.9456318820962955e-06,600,600,0,0,598
asynchronous,sphere,4,16,600,12,9.254612732397555e-06,600,600,0,0,598
asynchronous,sphere,4,16,600,13,8.545165230054587e-07,600,600,0,0,598
asynchronous,sphere,4,16,600,14,2.949239778239294e-06,600,600,0,0,598
asynchronous,sphere,4,16,600,15,5.989697572795731e-07,600,600,0,0,598
generational,sphere,4,60,120,0,6.0756989214813535,120,120,0,0,2
generational,sphere,4,60,120,1,0.4760516618246141,120,120,0,0,2
generational,sphere,4,60,120,2,0.7141825682210334,120,120,0,0,2
generational,sphere,4,60,120,3,3.1428889506991093,120,120,0,0,2
generational,sphere,4,60,120,4,4.085180232365301,120,120,0,0,2
generational,sphere,4,60,120,5,3.8019430496215376,120,120,0,0,2
generational,sphere,4,60,120,6,4.74226990100222,120,120,0,0,2
generational,sphere,4,60,120,7,0.7402725462260707,120,120,0,0,2
generational,sphere,4,60,120,8,1.7219157604750506,120,120,0,0,2
generational,sphere,4,60,120,9,1.1927976147410126,120,120,0,0,2
generational,sphere,4,60,120,10,2.1809433409253756,120,120,0,0,2
generational,sphere,4,60,120,11,4.043088468228763,120,120,0,0,2
generational,sphere,4,60,120,12,1.9429500204990795,120,120,0,0,2
generational,sphere,4,60,120,13,1.4972043679573348,120,120,0,0,2
generational,sphere,4,60,120,14,0.9534617270040432,120,120,0,0,2
generational,sphere,4,60,120,15,1.4216643662914326,120,120,0,0,2
asynchronous,sphere,4,60,120,0,4.495128801698549,120,120,0,0,118
asynchronous,sphere,4,60,120,1,2.4603213367460834,120,120,0,0,118
asynchronous,sphere,4,60,120,2,0.9943781699547639,120,120,0,0,118
asynchronous,sphere,4,60,120,3,3.070268471225996,120,120,0,0,118
asynchronous,sphere,4,60,120,4,2.2441089487035137,120,120,0,0,118
asynchronous,sphere,4,60,120,5,1.414661255483079,120,120,0,0,118
asynchronous,sphere,4,60,120,6,6.17768419485763,120,120,0,0,118
asynchronous,sphere,4,60,120,7,4.552964307360188,120,120,0,0,118
asynchronous,sphere,4,60,120,8,5.695034756209547,120,120,0,0,118
asynchronous,sphere,4,60,120,9,1.1927976147410126,120,120,0,0,118
asynchronous,sphere,4,60,120,10,2.1809433409253756,120,120,0,0,118
asynchronous,sphere,4,60,120,11,3.7546827505243616,120,120,0,0,118
asynchronous,sphere,4,60,120,12,1.9429500204990795,120,120,0,0,118
asynchronous,sphere,4,60,120,13,0.21127092291855232,120,120,0,0,118
asynchronous,sphere,4,60,120,14,1.0784270972579162,120,120,0,0,118
asynchronous,sphere,4,60,120,15,1.4216643662914326,120,120,0,0,118
generational,sphere,4,60,240,0,1.0986187296788343,240,240,0,0,4
generational,sphere,4,60,240,1,0.4760516618246141,240,240,0,0,4
generational,sphere,4,60,240,2,0.7141825682210334,240,240,0,0,4
generational,sphere,4,60,240,3,1.3401537617367172,240,240,0,0,4
generational,sphere,4,60,240,4,1.8254593145433358,240,240,0,0,4
generational,sphere,4,60,240,5,0.7406791747576597,240,240,0,0,4
generational,sphere,4,60,240,6,1.6928472213148746,240,240,0,0,4
generational,sphere,4,60,240,7,0.7402725462260707,240,240,0,0,4
generational,sphere,4,60,240,8,1.7219157604750506,240,240,0,0,4
generational,sphere,4,60,240,9,1.1927976147410126,240,240,0,0,4
generational,sphere,4,60,240,10,1.8013787541093582,240,240,0,0,4
generational,sphere,4,60,240,11,0.3417848434814857,240,240,0,0,4
generational,sphere,4,60,240,12,1.022665244670609,240,240,0,0,4
generational,sphere,4,60,240,13,1.4972043679573348,240,240,0,0,4
generational,sphere,4,60,240,14,0.8506180693742775,240,240,0,0,4
generational,sphere,4,60,240,15,1.4216643662914326,240,240,0,0,4
asynchronous,sphere,4,60,240,0,1.55781229789828,240,240,0,0,238
asynchronous,sphere,4,60,240,1,0.7160512352341042,240,240,0,0,238
asynchronous,sphere,4,60,240,2,0.9743322788826791,240,240,0,0,238
asynchronous,sphere,4,60,240,3,1.0645510033435504,240,240,0,0,238
asynchronous,sphere,4,60,240,4,1.0981159579519777,240,240,0,0,238
asynchronous,sphere,4,60,240,5,1.35239453234195,240,240,0,0,238
asynchronous,sphere,4,60,240,6,0.6492121035976981,240,240,0,0,238
asynchronous,sphere,4,60,240,7,1.4964622883569607,240,240,0,0,238
asynchronous,sphere,4,60,240,8,2.1834970673107654,240,240,0,0,238
asynchronous,sphere,4,60,240,9,0.6052413854357084,240,240,0,0,238
asynchronous,sphere,4,60,240,10,0.7681028039783675,240,240,0,0,238
asynchronous,sphere,4,60,240,11,1.6616989138528269,240,240,0,0,238
asynchronous,sphere,4,60,240,12,0.6898928510685732,240,240,0,0,238
asynchronous,sphere,4,60,240,13,0.21127092291855232,240,240,0,0,238
asynchronous,sphere,4,60,240,14,0.8246569199747676,240,240,0,0,238
asynchronous,sphere,4,60,240,15,1.4216643662914326,240,240,0,0,238
generational,sphere,4,60,600,0,0.1906732409923946,600,600,0,0,10
generational,sphere,4,60,600,1,0.2417494024005848,600,600,0,0,10
generational,sphere,4,60,600,2,0.2560870950445226,600,600,0,0,10
generational,sphere,4,60,600,3,0.08160891072167441,600,600,0,0,10
generational,sphere,4,60,600,4,0.21578995356517447,600,600,0,0,10
generational,sphere,4,60,600,5,0.03972121017136106,600,600,0,0,10
generational,sphere,4,60,600,6,0.22258778133346052,600,600,0,0,10
generational,sphere,4,60,600,7,0.0863181916390974,600,600,0,0,10
generational,sphere,4,60,600,8,0.16656760592161285,600,600,0,0,10
generational,sphere,4,60,600,9,0.09247960465748449,600,600,0,0,10
generational,sphere,4,60,600,10,0.2564181652594651,600,600,0,0,10
generational,sphere,4,60,600,11,0.14019724446081244,600,600,0,0,10
generational,sphere,4,60,600,12,0.039184132145587997,600,600,0,0,10
generational,sphere,4,60,600,13,0.22632487600991533,600,600,0,0,10
generational,sphere,4,60,600,14,0.09059977130006744,600,600,0,0,10
generational,sphere,4,60,600,15,0.2133821843928684,600,600,0,0,10
asynchronous,sphere,4,60,600,0,0.12752954026672908,600,600,0,0,598
asynchronous,sphere,4,60,600,1,0.06579889656910236,600,600,0,0,598
asynchronous,sphere,4,60,600,2,0.012991518069401218,600,600,0,0,598
asynchronous,sphere,4,60,600,3,0.028866596837013127,600,600,0,0,598
asynchronous,sphere,4,60,600,4,0.06327687330049654,600,600,0,0,598
asynchronous,sphere,4,60,600,5,0.07023843825924664,600,600,0,0,598
asynchronous,sphere,4,60,600,6,0.07354300581178683,600,600,0,0,598
asynchronous,sphere,4,60,600,7,0.060071077249832426,600,600,0,0,598
asynchronous,sphere,4,60,600,8,0.0706939274126412,600,600,0,0,598
asynchronous,sphere,4,60,600,9,0.17500186936864925,600,600,0,0,598
asynchronous,sphere,4,60,600,10,0.120842180667116,600,600,0,0,598
asynchronous,sphere,4,60,600,11,0.08999338319918297,600,600,0,0,598
asynchronous,sphere,4,60,600,12,0.09173054154972475,600,600,0,0,598
asynchronous,sphere,4,60,600,13,0.0128495049006398,600,600,0,0,598
asynchronous,sphere,4,60,600,14,0.10392686040003642,600,600,0,0,598
asynchronous,sphere,4,60,600,15,0.12150010008434375,600,600,0,0,598
generational,ackley,4,8,120,0,1.3846074154516441,120,120,0,0,15
generational,ackley,4,8,120,1,1.9394121932701762,120,120,0,0,15
generational,ackley,4,8,120,2,1.1855685870864687,120,120,0,0,15
generational,ackley,4,8,120,3,2.262841021600647,120,120,0,0,15
generational,ackley,4,8,120,4,1.1891592491376,120,120,0,0,15
generational,ackley,4,8,120,5,0.9543802639088814,120,120,0,0,15
generational,ackley,4,8,120,6,0.5558896463730432,120,120,0,0,15
generational,ackley,4,8,120,7,0.4099078581335758,120,120,0,0,15
generational,ackley,4,8,120,8,2.4080138349359683,120,120,0,0,15
generational,ackley,4,8,120,9,3.4089436091358647,120,120,0,0,15
generational,ackley,4,8,120,10,1.5564733775364457,120,120,0,0,15
generational,ackley,4,8,120,11,3.0461929553234346,120,120,0,0,15
generational,ackley,4,8,120,12,0.8021980600954426,120,120,0,0,15
generational,ackley,4,8,120,13,2.2447698805449012,120,120,0,0,15
generational,ackley,4,8,120,14,3.890448406583705,120,120,0,0,15
generational,ackley,4,8,120,15,1.674305244553953,120,120,0,0,15
asynchronous,ackley,4,8,120,0,2.6529272169817877,120,120,0,0,118
asynchronous,ackley,4,8,120,1,2.932361380564189,120,120,0,0,118
asynchronous,ackley,4,8,120,2,0.19068622664179147,120,120,0,0,118
asynchronous,ackley,4,8,120,3,0.6191469607398727,120,120,0,0,118
asynchronous,ackley,4,8,120,4,0.44041434600570684,120,120,0,0,118
asynchronous,ackley,4,8,120,5,2.491539457232918,120,120,0,0,118
asynchronous,ackley,4,8,120,6,1.961047017675551,120,120,0,0,118
asynchronous,ackley,4,8,120,7,1.0585705141420587,120,120,0,0,118
asynchronous,ackley,4,8,120,8,0.7445241944075183,120,120,0,0,118
asynchronous,ackley,4,8,120,9,2.9403381925601377,120,120,0,0,118
asynchronous,ackley,4,8,120,10,3.251207253554608,120,120,0,0,118
asynchronous,ackley,4,8,120,11,2.668349114519611,120,120,0,0,118
asynchronous,ackley,4,8,120,12,3.0402451505969634,120,120,0,0,118
asynchronous,ackley,4,8,120,13,2.614820459512121,120,120,0,0,118
asynchronous,ackley,4,8,120,14,2.989747551895381,120,120,0,0,118
asynchronous,ackley,4,8,120,15,2.2644099733774685,120,120,0,0,118
generational,ackley,4,8,240,0,0.01618157592306746,240,240,0,0,30
generational,ackley,4,8,240,1,0.029017095893668188,240,240,0,0,30
generational,ackley,4,8,240,2,0.04589726723200416,240,240,0,0,30
generational,ackley,4,8,240,3,0.2532225547151019,240,240,0,0,30
generational,ackley,4,8,240,4,0.10949488442884503,240,240,0,0,30
generational,ackley,4,8,240,5,0.07502489725164851,240,240,0,0,30
generational,ackley,4,8,240,6,0.09599872732374637,240,240,0,0,30
generational,ackley,4,8,240,7,0.022546586514117894,240,240,0,0,30
generational,ackley,4,8,240,8,0.09304812479257096,240,240,0,0,30
generational,ackley,4,8,240,9,2.0836765605064618,240,240,0,0,30
generational,ackley,4,8,240,10,0.13039821654319939,240,240,0,0,30
generational,ackley,4,8,240,11,1.8499057272017834,240,240,0,0,30
generational,ackley,4,8,240,12,0.48367617080254677,240,240,0,0,30
generational,ackley,4,8,240,13,1.8437815292273076,240,240,0,0,30
generational,ackley,4,8,240,14,2.580938937763442,240,240,0,0,30
generational,ackley,4,8,240,15,0.07110596410746739,240,240,0,0,30
asynchronous,ackley,4,8,240,0,1.8526675795768353,240,240,0,0,238
asynchronous,ackley,4,8,240,1,0.09236619227383303,240,240,0,0,238
asynchronous,ackley,4,8,240,2,0.019168521880370992,240,240,0,0,238
asynchronous,ackley,4,8,240,3,0.019257668511976522,240,240,0,0,238
asynchronous,ackley,4,8,240,4,0.2390063478631963,240,240,0,0,238
asynchronous,ackley,4,8,240,5,0.32185976866996,240,240,0,0,238
asynchronous,ackley,4,8,240,6,1.8139317807885225,240,240,0,0,238
asynchronous,ackley,4,8,240,7,0.08420002450677488,240,240,0,0,238
asynchronous,ackley,4,8,240,8,0.0185160725030582,240,240,0,0,238
asynchronous,ackley,4,8,240,9,0.09432853328096913,240,240,0,0,238
asynchronous,ackley,4,8,240,10,3.1284790035621026,240,240,0,0,238
asynchronous,ackley,4,8,240,11,0.626763345069318,240,240,0,0,238
asynchronous,ackley,4,8,240,12,1.8558094454186613,240,240,0,0,238
asynchronous,ackley,4,8,240,13,1.8520883114387066,240,240,0,0,238
asynchronous,ackley,4,8,240,14,1.9560141974833596,240,240,0,0,238
asynchronous,ackley,4,8,240,15,1.8847786641329347,240,240,0,0,238
generational,ackley,4,8,600,0,8.918141784919342e-05,600,600,0,0,75
generational,ackley,4,8,600,1,2.6831699245111196e-05,600,600,0,0,75
generational,ackley,4,8,600,2,1.1115087833690751e-05,600,600,0,0,75
generational,ackley,4,8,600,3,0.000854666811481497,600,600,0,0,75
generational,ackley,4,8,600,4,8.082609797144258e-05,600,600,0,0,75
generational,ackley,4,8,600,5,9.486814387615894e-05,600,600,0,0,75
generational,ackley,4,8,600,6,0.0002851628917110993,600,600,0,0,75
generational,ackley,4,8,600,7,0.00014660764288665362,600,600,0,0,75
generational,ackley,4,8,600,8,0.0007598359201108629,600,600,0,0,75
generational,ackley,4,8,600,9,1.8404859414614987,600,600,0,0,75
generational,ackley,4,8,600,10,0.0001741958821459555,600,600,0,0,75
generational,ackley,4,8,600,11,1.8399934774136146,600,600,0,0,75
generational,ackley,4,8,600,12,0.0011889419247812505,600,600,0,0,75
generational,ackley,4,8,600,13,1.8399934776071558,600,600,0,0,75
generational,ackley,4,8,600,14,2.579927567509398,600,600,0,0,75
generational,ackley,4,8,600,15,0.0009476363309528502,600,600,0,0,75
asynchronous,ackley,4,8,600,0,1.8399940266633235,600,600,0,0,598
asynchronous,ackley,4,8,600,1,9.493668313753645e-05,600,600,0,0,598
asynchronous,ackley,4,8,600,2,2.0845214923514988e-05,600,600,0,0,598
asynchronous,ackley,4,8,600,3,1.2548092474862216e-05,600,600,0,0,598
asynchronous,ackley,4,8,600,4,0.00010703770529518764,600,600,0,0,598
asynchronous,ackley,4,8,600,5,0.017212251272880952,600,600,0,0,598
asynchronous,ackley,4,8,600,6,0.00025266723009353953,600,600,0,0,598
asynchronous,ackley,4,8,600,7,2.5202185501616015e-05,600,600,0,0,598
asynchronous,ackley,4,8,600,8,2.2209921710203417e-05,600,600,0,0,598
asynchronous,ackley,4,8,600,9,9.439744096839675e-05,600,600,0,0,598
asynchronous,ackley,4,8,600,10,3.1268472980039133,600,600,0,0,598
asynchronous,ackley,4,8,600,11,0.0004702938632488163,600,600,0,0,598
asynchronous,ackley,4,8,600,12,1.8399936511584412,600,600,0,0,598
asynchronous,ackley,4,8,600,13,1.840024179777029,600,600,0,0,598
asynchronous,ackley,4,8,600,14,1.8399934901184634,600,600,0,0,598
asynchronous,ackley,4,8,600,15,1.8399935388800412,600,600,0,0,598
generational,ackley,4,16,120,0,3.4389540011620885,120,120,0,0,8
generational,ackley,4,16,120,1,3.5291721490870924,120,120,0,0,8
generational,ackley,4,16,120,2,4.0755601062179565,120,120,0,0,8
generational,ackley,4,16,120,3,3.1434621750922003,120,120,0,0,8
generational,ackley,4,16,120,4,2.858898383991353,120,120,0,0,8
generational,ackley,4,16,120,5,3.996921300811341,120,120,0,0,8
generational,ackley,4,16,120,6,2.0347350066227006,120,120,0,0,8
generational,ackley,4,16,120,7,3.074487754998455,120,120,0,0,8
generational,ackley,4,16,120,8,3.2591621854083646,120,120,0,0,8
generational,ackley,4,16,120,9,3.628455243519181,120,120,0,0,8
generational,ackley,4,16,120,10,3.5002121945236095,120,120,0,0,8
generational,ackley,4,16,120,11,3.386570453679561,120,120,0,0,8
generational,ackley,4,16,120,12,2.854115801586357,120,120,0,0,8
generational,ackley,4,16,120,13,2.6750872534275847,120,120,0,0,8
generational,ackley,4,16,120,14,1.4344870650735122,120,120,0,0,8
generational,ackley,4,16,120,15,3.1082526805323565,120,120,0,0,8
asynchronous,ackley,4,16,120,0,1.9756523817493243,120,120,0,0,118
asynchronous,ackley,4,16,120,1,4.556926717817166,120,120,0,0,118
asynchronous,ackley,4,16,120,2,3.3362433208161097,120,120,0,0,118
asynchronous,ackley,4,16,120,3,3.600949913937065,120,120,0,0,118
asynchronous,ackley,4,16,120,4,0.7427210695505875,120,120,0,0,118
asynchronous,ackley,4,16,120,5,3.6648987634444024,120,120,0,0,118
asynchronous,ackley,4,16,120,6,4.113024044006863,120,120,0,0,118
asynchronous,ackley,4,16,120,7,3.5632916871305658,120,120,0,0,118
asynchronous,ackley,4,16,120,8,2.416457836581206,120,120,0,0,118
asynchronous,ackley,4,16,120,9,3.332561480900481,120,120,0,0,118
asynchronous,ackley,4,16,120,10,2.553566708285033,120,120,0,0,118
asynchronous,ackley,4,16,120,11,3.0797286306651377,120,120,0,0,118
asynchronous,ackley,4,16,120,12,3.605819426225637,120,120,0,0,118
asynchronous,ackley,4,16,120,13,1.5082997589378278,120,120,0,0,118
asynchronous,ackley,4,16,120,14,1.1485007706785706,120,120,0,0,118
asynchronous,ackley,4,16,120,15,3.0553338503225054,120,120,0,0,118
generational,ackley,4,16,240,0,0.9122634014383348,240,240,0,0,15
generational,ackley,4,16,240,1,1.9851193607973205,240,240,0,0,15
generational,ackley,4,16,240,2,1.7812293986123149,240,240,0,0,15
generational,ackley,4,16,240,3,1.1610527484647197,240,240,0,0,15
generational,ackley,4,16,240,4,0.7647902751780902,240,240,0,0,15
generational,ackley,4,16,240,5,1.2921875975196824,240,240,0,0,15
generational,ackley,4,16,240,6,0.19105987476668362,240,240,0,0,15
generational,ackley,4,16,240,7,2.8357871035560014,240,240,0,0,15
generational,ackley,4,16,240,8,0.3909197309341512,240,240,0,0,15
generational,ackley,4,16,240,9,0.6009115227661934,240,240,0,0,15
generational,ackley,4,16,240,10,2.139677072501318,240,240,0,0,15
generational,ackley,4,16,240,11,0.9671730466650925,240,240,0,0,15
generational,ackley,4,16,240,12,0.8719875332251594,240,240,0,0,15
generational,ackley,4,16,240,13,1.237533576744593,240,240,0,0,15
generational,ackley,4,16,240,14,1.0308974816959489,240,240,0,0,15
generational,ackley,4,16,240,15,0.6009390067887641,240,240,0,0,15
asynchronous,ackley,4,16,240,0,0.48458534391981134,240,240,0,0,238
asynchronous,ackley,4,16,240,1,2.2961672180635593,240,240,0,0,238
asynchronous,ackley,4,16,240,2,0.6945143725555813,240,240,0,0,238
asynchronous,ackley,4,16,240,3,1.1532457724395333,240,240,0,0,238
asynchronous,ackley,4,16,240,4,0.6638430393826487,240,240,0,0,238
asynchronous,ackley,4,16,240,5,2.6387098859400138,240,240,0,0,238
asynchronous,ackley,4,16,240,6,1.328696598179008,240,240,0,0,238
asynchronous,ackley,4,16,240,7,2.576786768574977,240,240,0,0,238
asynchronous,ackley,4,16,240,8,0.9594992253827859,240,240,0,0,238
asynchronous,ackley,4,16,240,9,0.9385220163867136,240,240,0,0,238
asynchronous,ackley,4,16,240,10,0.8719195707533101,240,240,0,0,238
asynchronous,ackley,4,16,240,11,1.1126160624175943,240,240,0,0,238
asynchronous,ackley,4,16,240,12,0.7490886757062332,240,240,0,0,238
asynchronous,ackley,4,16,240,13,0.2602313858135443,240,240,0,0,238
asynchronous,ackley,4,16,240,14,0.2050203757496658,240,240,0,0,238
asynchronous,ackley,4,16,240,15,1.2716228029186607,240,240,0,0,238
generational,ackley,4,16,600,0,0.00556151448251585,600,600,0,0,38
generational,ackley,4,16,600,1,0.03493600944274222,600,600,0,0,38
generational,ackley,4,16,600,2,0.029003717686450603,600,600,0,0,38
generational,ackley,4,16,600,3,0.022637240507091594,600,600,0,0,38
generational,ackley,4,16,600,4,0.008434371119865336,600,600,0,0,38
generational,ackley,4,16,600,5,0.017369875517691202,600,600,0,0,38
generational,ackley,4,16,600,6,0.004231210586944645,600,600,0,0,38
generational,ackley,4,16,600,7,0.024956386469910274,600,600,0,0,38
generational,ackley,4,16,600,8,0.0060874864444291354,600,600,0,0,38
generational,ackley,4,16,600,9,0.005628261038765903,600,600,0,0,38
generational,ackley,4,16,600,10,1.8405418812298788,600,600,0,0,38
generational,ackley,4,16,600,11,0.005126315666398984,600,600,0,0,38
generational,ackley,4,16,600,12,0.003822226576677412,600,600,0,0,38
generational,ackley,4,16,600,13,0.009644133035106695,600,600,0,0,38
generational,ackley,4,16,600,14,0.014394989070485753,600,600,0,0,38
generational,ackley,4,16,600,15,0.010955026981946947,600,600,0,0,38
asynchronous,ackley,4,16,600,0,0.0015389028375065728,600,600,0,0,598
asynchronous,ackley,4,16,600,1,0.025505447728268127,600,600,0,0,598
asynchronous,ackley,4,16,600,2,0.002345440642788521,600,600,0,0,598
asynchronous,ackley,4,16,600,3,0.0019852419124650744,600,600,0,0,598
asynchronous,ackley,4,16,600,4,0.008352185962568814,600,600,0,0,598
asynchronous,ackley,4,16,600,5,0.013040779937803837,600,600,0,0,598
asynchronous,ackley,4,16,600,6,0.005472534981255439,600,600,0,0,598
asynchronous,ackley,4,16,600,7,0.01169619393874699,600,600,0,0,598
asynchronous,ackley,4,16,600,8,0.007187563818928044,600,600,0,0,598
asynchronous,ackley,4,16,600,9,0.0038695827707617703,600,600,0,0,598
asynchronous,ackley,4,16,600,10,0.004023700130645569,600,600,0,0,598
asynchronous,ackley,4,16,600,11,0.004237836270413187,600,600,0,0,598
asynchronous,ackley,4,16,600,12,0.0038588479409153997,600,600,0,0,598
asynchronous,ackley,4,16,600,13,0.0012305714138745039,600,600,0,0,598
asynchronous,ackley,4,16,600,14,0.0011310449682722101,600,600,0,0,598
asynchronous,ackley,4,16,600,15,0.009455342753032614,600,600,0,0,598
generational,ackley,4,60,120,0,5.99689496536654,120,120,0,0,2
generational,ackley,4,60,120,1,3.2557946801994544,120,120,0,0,2
generational,ackley,4,60,120,2,3.626810502353156,120,120,0,0,2
generational,ackley,4,60,120,3,5.01038744059835,120,120,0,0,2
generational,ackley,4,60,120,4,4.648991998080216,120,120,0,0,2
generational,ackley,4,60,120,5,5.392095266462029,120,120,0,0,2
generational,ackley,4,60,120,6,5.3942254674962165,120,120,0,0,2
generational,ackley,4,60,120,7,2.1530745283490806,120,120,0,0,2
generational,ackley,4,60,120,8,4.262043170199963,120,120,0,0,2
generational,ackley,4,60,120,9,4.09938426328052,120,120,0,0,2
generational,ackley,4,60,120,10,4.311474680513083,120,120,0,0,2
generational,ackley,4,60,120,11,5.085843064646358,120,120,0,0,2
generational,ackley,4,60,120,12,3.746628148078955,120,120,0,0,2
generational,ackley,4,60,120,13,3.512450901495875,120,120,0,0,2
generational,ackley,4,60,120,14,3.9280965807927015,120,120,0,0,2
generational,ackley,4,60,120,15,3.888278418384133,120,120,0,0,2
asynchronous,ackley,4,60,120,0,5.77658712879029,120,120,0,0,118
asynchronous,ackley,4,60,120,1,4.28799812028651,120,120,0,0,118
asynchronous,ackley,4,60,120,2,4.488564437102717,120,120,0,0,118
asynchronous,ackley,4,60,120,3,4.772413604914984,120,120,0,0,118
asynchronous,ackley,4,60,120,4,3.222000684160396,120,120,0,0,118
asynchronous,ackley,4,60,120,5,3.670235148948255,120,120,0,0,118
asynchronous,ackley,4,60,120,6,6.333127099565363,120,120,0,0,118
asynchronous,ackley,4,60,120,7,4.94239626158917,120,120,0,0,118
asynchronous,ackley,4,60,120,8,5.40948948928164,120,120,0,0,118
asynchronous,ackley,4,60,120,9,4.09938426328052,120,120,0,0,118
asynchronous,ackley,4,60,120,10,4.311474680513083,120,120,0,0,118
asynchronous,ackley,4,60,120,11,4.430228308426425,120,120,0,0,118
asynchronous,ackley,4,60,120,12,3.746628148078955,120,120,0,0,118
asynchronous,ackley,4,60,120,13,2.3807108164937287,120,120,0,0,118
asynchronous,ackley,4,60,120,14,3.4061910911793913,120,120,0,0,118
asynchronous,ackley,4,60,120,15,3.888278418384133,120,120,0,0,118
generational,ackley,4,60,240,0,3.4225223818579775,240,240,0,0,4
generational,ackley,4,60,240,1,3.2557946801994544,240,240,0,0,4
generational,ackley,4,60,240,2,2.523770610671001,240,240,0,0,4
generational,ackley,4,60,240,3,3.758334439505735,240,240,0,0,4
generational,ackley,4,60,240,4,3.235415909517173,240,240,0,0,4
generational,ackley,4,60,240,5,3.890576628134195,240,240,0,0,4
generational,ackley,4,60,240,6,3.6358683297909775,240,240,0,0,4
generational,ackley,4,60,240,7,2.1530745283490806,240,240,0,0,4
generational,ackley,4,60,240,8,3.852077078371224,240,240,0,0,4
generational,ackley,4,60,240,9,3.4779363823770137,240,240,0,0,4
generational,ackley,4,60,240,10,4.311474680513083,240,240,0,0,4
generational,ackley,4,60,240,11,3.240775557568224,240,240,0,0,4
generational,ackley,4,60,240,12,3.561297984185949,240,240,0,0,4
generational,ackley,4,60,240,13,2.7114149159888616,240,240,0,0,4
generational,ackley,4,60,240,14,3.9280965807927015,240,240,0,0,4
generational,ackley,4,60,240,15,3.888278418384133,240,240,0,0,4
asynchronous,ackley,4,60,240,0,2.9982355987854494,240,240,0,0,238
asynchronous,ackley,4,60,240,1,4.28799812028651,240,240,0,0,238
asynchronous,ackley,4,60,240,2,3.1896083189254445,240,240,0,0,238
asynchronous,ackley,4,60,240,3,3.5275735069160636,240,240,0,0,238
asynchronous,ackley,4,60,240,4,3.222000684160396,240,240,0,0,238
asynchronous,ackley,4,60,240,5,3.670235148948255,240,240,0,0,238
asynchronous,ackley,4,60,240,6,3.4894726728961882,240,240,0,0,238
asynchronous,ackley,4,60,240,7,4.059405596329512,240,240,0,0,238
asynchronous,ackley,4,60,240,8,3.715471051992751,240,240,0,0,238
asynchronous,ackley,4,60,240,9,4.09938426328052,240,240,0,0,238
asynchronous,ackley,4,60,240,10,3.3944684965289977,240,240,0,0,238
asynchronous,ackley,4,60,240,11,2.312753612617684,240,240,0,0,238
asynchronous,ackley,4,60,240,12,2.7845998095350812,240,240,0,0,238
asynchronous,ackley,4,60,240,13,2.3807108164937287,240,240,0,0,238
asynchronous,ackley,4,60,240,14,2.3456198699246227,240,240,0,0,238
asynchronous,ackley,4,60,240,15,3.8010232970339186,240,240,0,0,238
generational,ackley,4,60,600,0,2.636298206194113,600,600,0,0,10
generational,ackley,4,60,600,1,2.039440779236316,600,600,0,0,10
generational,ackley,4,60,600,2,1.2781949827077779,600,600,0,0,10
generational,ackley,4,60,600,3,3.0474686203444112,600,600,0,0,10
generational,ackley,4,60,600,4,2.299443634361968,600,600,0,0,10
generational,ackley,4,60,600,5,2.4522516986935483,600,600,0,0,10
generational,ackley,4,60,600,6,1.864759248002699,600,600,0,0,10
generational,ackley,4,60,600,7,0.9375307343166601,600,600,0,0,10
generational,ackley,4,60,600,8,2.1953376161467237,600,600,0,0,10
generational,ackley,4,60,600,9,2.219195934896114,600,600,0,0,10
generational,ackley,4,60,600,10,1.9315149595960546,600,600,0,0,10
generational,ackley,4,60,600,11,0.38243138976211144,600,600,0,0,10
generational,ackley,4,60,600,12,2.0995440918835304,600,600,0,0,10
generational,ackley,4,60,600,13,2.088597765041943,600,600,0,0,10
generational,ackley,4,60,600,14,2.2528903824739896,600,600,0,0,10
generational,ackley,4,60,600,15,2.1382866823236104,600,600,0,0,10
asynchronous,ackley,4,60,600,0,1.2318789027679498,600,600,0,0,598
asynchronous,ackley,4,60,600,1,1.6545686840132388,600,600,0,0,598
asynchronous,ackley,4,60,600,2,1.8842201283811773,600,600,0,0,598
asynchronous,ackley,4,60,600,3,1.2205162992412757,600,600,0,0,598
asynchronous,ackley,4,60,600,4,2.2364349173168034,600,600,0,0,598
asynchronous,ackley,4,60,600,5,0.9483631719254544,600,600,0,0,598
asynchronous,ackley,4,60,600,6,0.57475078579234,600,600,0,0,598
asynchronous,ackley,4,60,600,7,1.2878536415358686,600,600,0,0,598
asynchronous,ackley,4,60,600,8,1.4432263456377368,600,600,0,0,598
asynchronous,ackley,4,60,600,9,2.13883878346384,600,600,0,0,598
asynchronous,ackley,4,60,600,10,1.2340053765840975,600,600,0,0,598
asynchronous,ackley,4,60,600,11,0.5913824932437035,600,600,0,0,598
asynchronous,ackley,4,60,600,12,1.279122613009538,600,600,0,0,598
asynchronous,ackley,4,60,600,13,0.263474314343775,600,600,0,0,598
asynchronous,ackley,4,60,600,14,1.9354654882907032,600,600,0,0,598
asynchronous,ackley,4,60,600,15,1.0833467303560984,600,600,0,0,598
generational,rosenbrock,4,8,120,0,23.575073625501847,120,120,0,0,15
generational,rosenbrock,4,8,120,1,11.925154469410609,120,120,0,0,15
generational,rosenbrock,4,8,120,2,24.402740466273098,120,120,0,0,15
generational,rosenbrock,4,8,120,3,74.56888429844349,120,120,0,0,15
generational,rosenbrock,4,8,120,4,44.43708854010458,120,120,0,0,15
generational,rosenbrock,4,8,120,5,19.72978176461512,120,120,0,0,15
generational,rosenbrock,4,8,120,6,8.178782934825067,120,120,0,0,15
generational,rosenbrock,4,8,120,7,29.492779240090854,120,120,0,0,15
generational,rosenbrock,4,8,120,8,16.95019803744129,120,120,0,0,15
generational,rosenbrock,4,8,120,9,40.326635421743546,120,120,0,0,15
generational,rosenbrock,4,8,120,10,11.861833239018136,120,120,0,0,15
generational,rosenbrock,4,8,120,11,6.009652621961397,120,120,0,0,15
generational,rosenbrock,4,8,120,12,57.028214862727296,120,120,0,0,15
generational,rosenbrock,4,8,120,13,18.798411386525423,120,120,0,0,15
generational,rosenbrock,4,8,120,14,20.19494788041139,120,120,0,0,15
generational,rosenbrock,4,8,120,15,159.84642828346136,120,120,0,0,15
asynchronous,rosenbrock,4,8,120,0,4.1172346704614,120,120,0,0,118
asynchronous,rosenbrock,4,8,120,1,6.978027986509986,120,120,0,0,118
asynchronous,rosenbrock,4,8,120,2,7.659639531733326,120,120,0,0,118
asynchronous,rosenbrock,4,8,120,3,4.553970309580082,120,120,0,0,118
asynchronous,rosenbrock,4,8,120,4,14.908586700773908,120,120,0,0,118
asynchronous,rosenbrock,4,8,120,5,11.062641348446341,120,120,0,0,118
asynchronous,rosenbrock,4,8,120,6,8.203247732748451,120,120,0,0,118
asynchronous,rosenbrock,4,8,120,7,1.7602214050688965,120,120,0,0,118
asynchronous,rosenbrock,4,8,120,8,73.28597365479973,120,120,0,0,118
asynchronous,rosenbrock,4,8,120,9,4.285830598250395,120,120,0,0,118
asynchronous,rosenbrock,4,8,120,10,55.77552443354602,120,120,0,0,118
asynchronous,rosenbrock,4,8,120,11,9.86858080745483,120,120,0,0,118
asynchronous,rosenbrock,4,8,120,12,33.9872765147165,120,120,0,0,118
asynchronous,rosenbrock,4,8,120,13,4.878414630280041,120,120,0,0,118
asynchronous,rosenbrock,4,8,120,14,10.517843708338159,120,120,0,0,118
asynchronous,rosenbrock,4,8,120,15,14.352778032822707,120,120,0,0,118
generational,rosenbrock,4,8,240,0,1.5460948478584111,240,240,0,0,30
generational,rosenbrock,4,8,240,1,3.840572250554084,240,240,0,0,30
generational,rosenbrock,4,8,240,2,1.6184734395382532,240,240,0,0,30
generational,rosenbrock,4,8,240,3,12.515078317278476,240,240,0,0,30
generational,rosenbrock,4,8,240,4,2.7867592483484636,240,240,0,0,30
generational,rosenbrock,4,8,240,5,4.987618784838631,240,240,0,0,30
generational,rosenbrock,4,8,240,6,3.599888684751423,240,240,0,0,30
generational,rosenbrock,4,8,240,7,3.140899845333769,240,240,0,0,30
generational,rosenbrock,4,8,240,8,3.9438680322826047,240,240,0,0,30
generational,rosenbrock,4,8,240,9,8.236290004490867,240,240,0,0,30
generational,rosenbrock,4,8,240,10,2.2426062563823375,240,240,0,0,30
generational,rosenbrock,4,8,240,11,2.7093902516912403,240,240,0,0,30
generational,rosenbrock,4,8,240,12,0.2174895945272575,240,240,0,0,30
generational,rosenbrock,4,8,240,13,1.1046381669483663,240,240,0,0,30
generational,rosenbrock,4,8,240,14,2.435079514788188,240,240,0,0,30
generational,rosenbrock,4,8,240,15,7.530757062078102,240,240,0,0,30
asynchronous,rosenbrock,4,8,240,0,2.0235104416511875,240,240,0,0,238
asynchronous,rosenbrock,4,8,240,1,0.10587062024792399,240,240,0,0,238
asynchronous,rosenbrock,4,8,240,2,3.7851100077759887,240,240,0,0,238
asynchronous,rosenbrock,4,8,240,3,0.22372161835169216,240,240,0,0,238
asynchronous,rosenbrock,4,8,240,4,0.6775216975166718,240,240,0,0,238
asynchronous,rosenbrock,4,8,240,5,0.9472157884381895,240,240,0,0,238
asynchronous,rosenbrock,4,8,240,6,0.9450236729861381,240,240,0,0,238
asynchronous,rosenbrock,4,8,240,7,1.0393684596648243,240,240,0,0,238
asynchronous,rosenbrock,4,8,240,8,15.580300624154866,240,240,0,0,238
asynchronous,rosenbrock,4,8,240,9,0.704439458261373,240,240,0,0,238
asynchronous,rosenbrock,4,8,240,10,6.839752565321275,240,240,0,0,238
asynchronous,rosenbrock,4,8,240,11,3.7867485327928665,240,240,0,0,238
asynchronous,rosenbrock,4,8,240,12,3.7444222400564415,240,240,0,0,238
asynchronous,rosenbrock,4,8,240,13,4.345893024900208,240,240,0,0,238
asynchronous,rosenbrock,4,8,240,14,3.7691182780452452,240,240,0,0,238
asynchronous,rosenbrock,4,8,240,15,5.951753705802221,240,240,0,0,238
generational,rosenbrock,4,8,600,0,0.6952571542743659,600,600,0,0,75
generational,rosenbrock,4,8,600,1,3.614249940099188,600,600,0,0,75
generational,rosenbrock,4,8,600,2,0.36403596778281133,600,600,0,0,75
generational,rosenbrock,4,8,600,3,0.1993894596355799,600,600,0,0,75
generational,rosenbrock,4,8,600,4,1.5576518167937095,600,600,0,0,75
generational,rosenbrock,4,8,600,5,3.7043337413891684,600,600,0,0,75
generational,rosenbrock,4,8,600,6,3.487064585890746,600,600,0,0,75
generational,rosenbrock,4,8,600,7,1.607240828308851,600,600,0,0,75
generational,rosenbrock,4,8,600,8,3.7029153546646296,600,600,0,0,75
generational,rosenbrock,4,8,600,9,2.266503533665315,600,600,0,0,75
generational,rosenbrock,4,8,600,10,1.5379505397413635,600,600,0,0,75
generational,rosenbrock,4,8,600,11,0.8637575916282345,600,600,0,0,75
generational,rosenbrock,4,8,600,12,9.049209108599479e-05,600,600,0,0,75
generational,rosenbrock,4,8,600,13,0.5103978395824692,600,600,0,0,75
generational,rosenbrock,4,8,600,14,1.6099864149125422,600,600,0,0,75
generational,rosenbrock,4,8,600,15,5.527348371656442,600,600,0,0,75
asynchronous,rosenbrock,4,8,600,0,0.8158028147998211,600,600,0,0,598
asynchronous,rosenbrock,4,8,600,1,0.07653664607795099,600,600,0,0,598
asynchronous,rosenbrock,4,8,600,2,3.703293354945929,600,600,0,0,598
asynchronous,rosenbrock,4,8,600,3,0.0010366059778906538,600,600,0,0,598
asynchronous,rosenbrock,4,8,600,4,0.5093655034541913,600,600,0,0,598
asynchronous,rosenbrock,4,8,600,5,0.6912102818618294,600,600,0,0,598
asynchronous,rosenbrock,4,8,600,6,0.025316723356798167,600,600,0,0,598
asynchronous,rosenbrock,4,8,600,7,0.6761518241636462,600,600,0,0,598
asynchronous,rosenbrock,4,8,600,8,3.707236946334067,600,600,0,0,598
asynchronous,rosenbrock,4,8,600,9,0.27726045605962857,600,600,0,0,598
asynchronous,rosenbrock,4,8,600,10,1.000172027330866,600,600,0,0,598
asynchronous,rosenbrock,4,8,600,11,0.6764348555455226,600,600,0,0,598
asynchronous,rosenbrock,4,8,600,12,3.708220393635693,600,600,0,0,598
asynchronous,rosenbrock,4,8,600,13,4.103318143378777,600,600,0,0,598
asynchronous,rosenbrock,4,8,600,14,3.7079576819496536,600,600,0,0,598
asynchronous,rosenbrock,4,8,600,15,5.105899121549414,600,600,0,0,598
generational,rosenbrock,4,16,120,0,197.76578922218908,120,120,0,0,8
generational,rosenbrock,4,16,120,1,36.95405175464812,120,120,0,0,8
generational,rosenbrock,4,16,120,2,113.41021809522661,120,120,0,0,8
generational,rosenbrock,4,16,120,3,53.81927768726457,120,120,0,0,8
generational,rosenbrock,4,16,120,4,187.07745757611474,120,120,0,0,8
generational,rosenbrock,4,16,120,5,6.188842176642882,120,120,0,0,8
generational,rosenbrock,4,16,120,6,35.174933771443456,120,120,0,0,8
generational,rosenbrock,4,16,120,7,85.86388894724836,120,120,0,0,8
generational,rosenbrock,4,16,120,8,75.4805134239982,120,120,0,0,8
generational,rosenbrock,4,16,120,9,39.37560384911929,120,120,0,0,8
generational,rosenbrock,4,16,120,10,20.220973401103496,120,120,0,0,8
generational,rosenbrock,4,16,120,11,38.608194217353365,120,120,0,0,8
generational,rosenbrock,4,16,120,12,53.06785870882567,120,120,0,0,8
generational,rosenbrock,4,16,120,13,20.15837080082987,120,120,0,0,8
generational,rosenbrock,4,16,120,14,199.03714328488394,120,120,0,0,8
generational,rosenbrock,4,16,120,15,44.55916849555876,120,120,0,0,8
asynchronous,rosenbrock,4,16,120,0,16.32690206905713,120,120,0,0,118
asynchronous,rosenbrock,4,16,120,1,59.26993621752605,120,120,0,0,118
asynchronous,rosenbrock,4,16,120,2,130.93456670727687,120,120,0,0,118
asynchronous,rosenbrock,4,16,120,3,105.89528895223486,120,120,0,0,118
asynchronous,rosenbrock,4,16,120,4,98.5113962737671,120,120,0,0,118
asynchronous,rosenbrock,4,16,120,5,61.67763874951972,120,120,0,0,118
asynchronous,rosenbrock,4,16,120,6,6.045862535908983,120,120,0,0,118
asynchronous,rosenbrock,4,16,120,7,2.3790882067309465,120,120,0,0,118
asynchronous,rosenbrock,4,16,120,8,23.643823631580034,120,120,0,0,118
asynchronous,rosenbrock,4,16,120,9,44.60213397631786,120,120,0,0,118
asynchronous,rosenbrock,4,16,120,10,50.31498590524123,120,120,0,0,118
asynchronous,rosenbrock,4,16,120,11,80.9161459292842,120,120,0,0,118
asynchronous,rosenbrock,4,16,120,12,192.5108665930999,120,120,0,0,118
asynchronous,rosenbrock,4,16,120,13,79.19792841041857,120,120,0,0,118
asynchronous,rosenbrock,4,16,120,14,43.05981256705556,120,120,0,0,118
asynchronous,rosenbrock,4,16,120,15,45.38475734763198,120,120,0,0,118
generational,rosenbrock,4,16,240,0,4.699134481595814,240,240,0,0,15
generational,rosenbrock,4,16,240,1,0.8761920865627696,240,240,0,0,15
generational,rosenbrock,4,16,240,2,37.40805755338616,240,240,0,0,15
generational,rosenbrock,4,16,240,3,6.592984128153757,240,240,0,0,15
generational,rosenbrock,4,16,240,4,33.91511609731286,240,240,0,0,15
generational,rosenbrock,4,16,240,5,6.188842176642882,240,240,0,0,15
generational,rosenbrock,4,16,240,6,1.3638348052230236,240,240,0,0,15
generational,rosenbrock,4,16,240,7,18.691807020622452,240,240,0,0,15
generational,rosenbrock,4,16,240,8,2.6617084914346094,240,240,0,0,15
generational,rosenbrock,4,16,240,9,16.181588267472392,240,240,0,0,15
generational,rosenbrock,4,16,240,10,5.6550426553215996,240,240,0,0,15
generational,rosenbrock,4,16,240,11,3.8503789690240056,240,240,0,0,15
generational,rosenbrock,4,16,240,12,10.272078347465678,240,240,0,0,15
generational,rosenbrock,4,16,240,13,3.4829681040443905,240,240,0,0,15
generational,rosenbrock,4,16,240,14,14.693628442542952,240,240,0,0,15
generational,rosenbrock,4,16,240,15,5.703156584390904,240,240,0,0,15
asynchronous,rosenbrock,4,16,240,0,2.7037104768248357,240,240,0,0,238
asynchronous,rosenbrock,4,16,240,1,4.188926663124441,240,240,0,0,238
asynchronous,rosenbrock,4,16,240,2,11.047385305233846,240,240,0,0,238
asynchronous,rosenbrock,4,16,240,3,17.784538333250133,240,240,0,0,238
asynchronous,rosenbrock,4,16,240,4,69.90790201377165,240,240,0,0,238
asynchronous,rosenbrock,4,16,240,5,4.977089866490948,240,240,0,0,238
asynchronous,rosenbrock,4,16,240,6,3.5948954240095135,240,240,0,0,238
asynchronous,rosenbrock,4,16,240,7,2.3790882067309465,240,240,0,0,238
asynchronous,rosenbrock,4,16,240,8,5.2738040029435025,240,240,0,0,238
asynchronous,rosenbrock,4,16,240,9,4.151728761990952,240,240,0,0,238
asynchronous,rosenbrock,4,16,240,10,23.672197638908212,240,240,0,0,238
asynchronous,rosenbrock,4,16,240,11,6.402507339384783,240,240,0,0,238
asynchronous,rosenbrock,4,16,240,12,17.17411215082445,240,240,0,0,238
asynchronous,rosenbrock,4,16,240,13,8.242324516835723,240,240,0,0,238
asynchronous,rosenbrock,4,16,240,14,6.103148843855974,240,240,0,0,238
asynchronous,rosenbrock,4,16,240,15,4.743362208184367,240,240,0,0,238
generational,rosenbrock,4,16,600,0,0.7004429618263119,600,600,0,0,38
generational,rosenbrock,4,16,600,1,0.5518234194028222,600,600,0,0,38
generational,rosenbrock,4,16,600,2,3.926899265135927,600,600,0,0,38
generational,rosenbrock,4,16,600,3,1.0254710285447786,600,600,0,0,38
generational,rosenbrock,4,16,600,4,1.4344913500399157,600,600,0,0,38
generational,rosenbrock,4,16,600,5,1.2927190334718117,600,600,0,0,38
generational,rosenbrock,4,16,600,6,1.0853419502832966,600,600,0,0,38
generational,rosenbrock,4,16,600,7,2.9550258976383987,600,600,0,0,38
generational,rosenbrock,4,16,600,8,0.7744181585470216,600,600,0,0,38
generational,rosenbrock,4,16,600,9,3.722081611533754,600,600,0,0,38
generational,rosenbrock,4,16,600,10,0.5085768461183557,600,600,0,0,38
generational,rosenbrock,4,16,600,11,1.997251063429002,600,600,0,0,38
generational,rosenbrock,4,16,600,12,4.143557732752825,600,600,0,0,38
generational,rosenbrock,4,16,600,13,0.9435448177909644,600,600,0,0,38
generational,rosenbrock,4,16,600,14,0.032854059921127714,600,600,0,0,38
generational,rosenbrock,4,16,600,15,3.4682143866182793,600,600,0,0,38
asynchronous,rosenbrock,4,16,600,0,1.1544458787973624,600,600,0,0,598
asynchronous,rosenbrock,4,16,600,1,0.7481964448773151,600,600,0,0,598
asynchronous,rosenbrock,4,16,600,2,4.132869385678153,600,600,0,0,598
asynchronous,rosenbrock,4,16,600,3,3.783609135376264,600,600,0,0,598
asynchronous,rosenbrock,4,16,600,4,2.7349981112825743,600,600,0,0,598
asynchronous,rosenbrock,4,16,600,5,0.6985939736348213,600,600,0,0,598
asynchronous,rosenbrock,4,16,600,6,1.0635854479491995,600,600,0,0,598
asynchronous,rosenbrock,4,16,600,7,0.03026309354942405,600,600,0,0,598
asynchronous,rosenbrock,4,16,600,8,1.052260586990716,600,600,0,0,598
asynchronous,rosenbrock,4,16,600,9,0.5341240267425382,600,600,0,0,598
asynchronous,rosenbrock,4,16,600,10,0.05824030571871623,600,600,0,0,598
asynchronous,rosenbrock,4,16,600,11,3.8161780029604757,600,600,0,0,598
asynchronous,rosenbrock,4,16,600,12,3.419755291251329,600,600,0,0,598
asynchronous,rosenbrock,4,16,600,13,4.8282043392997505,600,600,0,0,598
asynchronous,rosenbrock,4,16,600,14,0.4935919074783379,600,600,0,0,598
asynchronous,rosenbrock,4,16,600,15,1.2088818385853748,600,600,0,0,598
generational,rosenbrock,4,60,120,0,809.7070866238447,120,120,0,0,2
generational,rosenbrock,4,60,120,1,178.4582429008708,120,120,0,0,2
generational,rosenbrock,4,60,120,2,98.9527472054152,120,120,0,0,2
generational,rosenbrock,4,60,120,3,257.0807291964802,120,120,0,0,2
generational,rosenbrock,4,60,120,4,413.29524236844406,120,120,0,0,2
generational,rosenbrock,4,60,120,5,1151.998348376832,120,120,0,0,2
generational,rosenbrock,4,60,120,6,544.7500407173715,120,120,0,0,2
generational,rosenbrock,4,60,120,7,136.97023781580688,120,120,0,0,2
generational,rosenbrock,4,60,120,8,1057.0971811548,120,120,0,0,2
generational,rosenbrock,4,60,120,9,235.67970018012699,120,120,0,0,2
generational,rosenbrock,4,60,120,10,101.15517205080027,120,120,0,0,2
generational,rosenbrock,4,60,120,11,750.2961003047863,120,120,0,0,2
generational,rosenbrock,4,60,120,12,200.92023669044755,120,120,0,0,2
generational,rosenbrock,4,60,120,13,101.22685440220422,120,120,0,0,2
generational,rosenbrock,4,60,120,14,63.58863360439424,120,120,0,0,2
generational,rosenbrock,4,60,120,15,105.6937025335487,120,120,0,0,2
asynchronous,rosenbrock,4,60,120,0,443.5801674970894,120,120,0,0,118
asynchronous,rosenbrock,4,60,120,1,984.5905200715096,120,120,0,0,118
asynchronous,rosenbrock,4,60,120,2,98.9527472054152,120,120,0,0,118
asynchronous,rosenbrock,4,60,120,3,449.09293880043367,120,120,0,0,118
asynchronous,rosenbrock,4,60,120,4,413.29524236844406,120,120,0,0,118
asynchronous,rosenbrock,4,60,120,5,146.49136940253348,120,120,0,0,118
asynchronous,rosenbrock,4,60,120,6,182.96318002644213,120,120,0,0,118
asynchronous,rosenbrock,4,60,120,7,194.802257633717,120,120,0,0,118
asynchronous,rosenbrock,4,60,120,8,315.8649082318181,120,120,0,0,118
asynchronous,rosenbrock,4,60,120,9,688.246337121968,120,120,0,0,118
asynchronous,rosenbrock,4,60,120,10,101.15517205080027,120,120,0,0,118
asynchronous,rosenbrock,4,60,120,11,665.3425315610418,120,120,0,0,118
asynchronous,rosenbrock,4,60,120,12,142.25831775756632,120,120,0,0,118
asynchronous,rosenbrock,4,60,120,13,101.22685440220422,120,120,0,0,118
asynchronous,rosenbrock,4,60,120,14,63.58863360439424,120,120,0,0,118
asynchronous,rosenbrock,4,60,120,15,105.6937025335487,120,120,0,0,118
generational,rosenbrock,4,60,240,0,103.86237215513958,240,240,0,0,4
generational,rosenbrock,4,60,240,1,178.4582429008708,240,240,0,0,4
generational,rosenbrock,4,60,240,2,98.9527472054152,240,240,0,0,4
generational,rosenbrock,4,60,240,3,257.0807291964802,240,240,0,0,4
generational,rosenbrock,4,60,240,4,270.46038504924877,240,240,0,0,4
generational,rosenbrock,4,60,240,5,88.07565584980705,240,240,0,0,4
generational,rosenbrock,4,60,240,6,102.80567428104384,240,240,0,0,4
generational,rosenbrock,4,60,240,7,136.97023781580688,240,240,0,0,4
generational,rosenbrock,4,60,240,8,65.99821018348386,240,240,0,0,4
generational,rosenbrock,4,60,240,9,235.67970018012699,240,240,0,0,4
generational,rosenbrock,4,60,240,10,87.90554177779096,240,240,0,0,4
generational,rosenbrock,4,60,240,11,61.23976793500894,240,240,0,0,4
generational,rosenbrock,4,60,240,12,125.01177163840723,240,240,0,0,4
generational,rosenbrock,4,60,240,13,97.40275083966755,240,240,0,0,4
generational,rosenbrock,4,60,240,14,63.58863360439424,240,240,0,0,4
generational,rosenbrock,4,60,240,15,105.6937025335487,240,240,0,0,4
asynchronous,rosenbrock,4,60,240,0,28.75424321471976,240,240,0,0,238
asynchronous,rosenbrock,4,60,240,1,91.9900658494693,240,240,0,0,238
asynchronous,rosenbrock,4,60,240,2,87.55671928441194,240,240,0,0,238
asynchronous,rosenbrock,4,60,240,3,139.8748546570918,240,240,0,0,238
asynchronous,rosenbrock,4,60,240,4,92.21076146134517,240,240,0,0,238
asynchronous,rosenbrock,4,60,240,5,56.21052341515262,240,240,0,0,238
asynchronous,rosenbrock,4,60,240,6,30.295867094548292,240,240,0,0,238
asynchronous,rosenbrock,4,60,240,7,57.96841669129477,240,240,0,0,238
asynchronous,rosenbrock,4,60,240,8,234.6940828026278,240,240,0,0,238
asynchronous,rosenbrock,4,60,240,9,70.52466270592055,240,240,0,0,238
asynchronous,rosenbrock,4,60,240,10,87.90554177779096,240,240,0,0,238
asynchronous,rosenbrock,4,60,240,11,136.0822763983061,240,240,0,0,238
asynchronous,rosenbrock,4,60,240,12,142.25831775756632,240,240,0,0,238
asynchronous,rosenbrock,4,60,240,13,101.22685440220422,240,240,0,0,238
asynchronous,rosenbrock,4,60,240,14,63.58863360439424,240,240,0,0,238
asynchronous,rosenbrock,4,60,240,15,105.6937025335487,240,240,0,0,238
generational,rosenbrock,4,60,600,0,4.839177046038626,600,600,0,0,10
generational,rosenbrock,4,60,600,1,13.177709195710522,600,600,0,0,10
generational,rosenbrock,4,60,600,2,21.356071403033052,600,600,0,0,10
generational,rosenbrock,4,60,600,3,32.742401092461044,600,600,0,0,10
generational,rosenbrock,4,60,600,4,5.990773676500375,600,600,0,0,10
generational,rosenbrock,4,60,600,5,43.883865147776646,600,600,0,0,10
generational,rosenbrock,4,60,600,6,7.709183707192708,600,600,0,0,10
generational,rosenbrock,4,60,600,7,26.40011263673643,600,600,0,0,10
generational,rosenbrock,4,60,600,8,6.533896184310657,600,600,0,0,10
generational,rosenbrock,4,60,600,9,23.181718497196435,600,600,0,0,10
generational,rosenbrock,4,60,600,10,9.75489894698142,600,600,0,0,10
generational,rosenbrock,4,60,600,11,15.189527903956973,600,600,0,0,10
generational,rosenbrock,4,60,600,12,20.847153977175473,600,600,0,0,10
generational,rosenbrock,4,60,600,13,27.323970378720063,600,600,0,0,10
generational,rosenbrock,4,60,600,14,15.82775600328896,600,600,0,0,10
generational,rosenbrock,4,60,600,15,10.548422720145128,600,600,0,0,10
asynchronous,rosenbrock,4,60,600,0,21.84440773277186,600,600,0,0,598
asynchronous,rosenbrock,4,60,600,1,5.618142546994173,600,600,0,0,598
asynchronous,rosenbrock,4,60,600,2,33.69113749608944,600,600,0,0,598
asynchronous,rosenbrock,4,60,600,3,5.577545353625441,600,600,0,0,598
asynchronous,rosenbrock,4,60,600,4,1.9034188815931912,600,600,0,0,598
asynchronous,rosenbrock,4,60,600,5,5.358809615487932,600,600,0,0,598
asynchronous,rosenbrock,4,60,600,6,10.462578910278898,600,600,0,0,598
asynchronous,rosenbrock,4,60,600,7,11.164199545215904,600,600,0,0,598
asynchronous,rosenbrock,4,60,600,8,9.604803153174931,600,600,0,0,598
asynchronous,rosenbrock,4,60,600,9,4.038456830717095,600,600,0,0,598
asynchronous,rosenbrock,4,60,600,10,11.576644838276342,600,600,0,0,598
asynchronous,rosenbrock,4,60,600,11,6.3628207928376455,600,600,0,0,598
asynchronous,rosenbrock,4,60,600,12,9.182889004645046,600,600,0,0,598
asynchronous,rosenbrock,4,60,600,13,9.646345037378854,600,600,0,0,598
asynchronous,rosenbrock,4,60,600,14,4.332103748154285,600,600,0,0,598
asynchronous,rosenbrock,4,60,600,15,5.5680926139535085,600,600,0,0,598
