# The withdrawn stopping rule, deliberately reapplied to the shipped learner:
# the same sweep as barrier_4d.csv, with the harness's loop counting proposals
# submitted rather than shots completed. `completed` is what each arm was
# actually scored on. Produced by one edit to de_pipeline.run, reverted after:
#     -    while not session.stopped:
#     +    while len(session.proposals) < budget:
# date: 2026-09-19
# commit: 24e7d0a, plus the edit above
# command: python benchmarks/de_pipeline.py run barrier --out benchmarks/results/truncated_4d.csv
variant,function,dimension,population_size,budget,seed,best,completed,submitted,dropped,starved,refills
generational,rastrigin,4,8,120,0,9.920947337240715,113,120,0,0,15
generational,rastrigin,4,8,120,1,12.021225627938211,113,120,0,0,15
generational,rastrigin,4,8,120,2,13.290601002639804,113,120,0,0,15
generational,rastrigin,4,8,120,3,17.880869363917576,113,120,0,0,15
generational,rastrigin,4,8,120,4,12.411865923649714,113,120,0,0,15
generational,rastrigin,4,8,120,5,11.032710442762404,113,120,0,0,15
generational,rastrigin,4,8,120,6,8.629809914619116,113,120,0,0,15
generational,rastrigin,4,8,120,7,14.38515900933535,113,120,0,0,15
generational,rastrigin,4,8,120,8,18.50621934292418,113,120,0,0,15
generational,rastrigin,4,8,120,9,20.360577074126834,113,120,0,0,15
generational,rastrigin,4,8,120,10,7.092798457823875,113,120,0,0,15
generational,rastrigin,4,8,120,11,21.729641879131705,113,120,0,0,15
generational,rastrigin,4,8,120,12,13.360338485775106,113,120,0,0,15
generational,rastrigin,4,8,120,13,22.19112936587515,113,120,0,0,15
generational,rastrigin,4,8,120,14,15.852113183846775,113,120,0,0,15
generational,rastrigin,4,8,120,15,19.303249477310466,113,120,0,0,15
asynchronous,rastrigin,4,8,120,0,13.259168599298853,118,120,0,0,118
asynchronous,rastrigin,4,8,120,1,7.803901460159146,118,120,0,0,118
asynchronous,rastrigin,4,8,120,2,13.41461289222579,118,120,0,0,118
asynchronous,rastrigin,4,8,120,3,9.436419680500688,118,120,0,0,118
asynchronous,rastrigin,4,8,120,4,6.391357060061495,118,120,0,0,118
asynchronous,rastrigin,4,8,120,5,17.20824792802121,118,120,0,0,118
asynchronous,rastrigin,4,8,120,6,5.792687857434835,118,120,0,0,118
asynchronous,rastrigin,4,8,120,7,7.4717423875287,118,120,0,0,118
asynchronous,rastrigin,4,8,120,8,23.504307557794963,118,120,0,0,118
asynchronous,rastrigin,4,8,120,9,17.084795517446516,118,120,0,0,118
asynchronous,rastrigin,4,8,120,10,4.408857571174295,118,120,0,0,118
asynchronous,rastrigin,4,8,120,11,3.5679350630181332,118,120,0,0,118
asynchronous,rastrigin,4,8,120,12,10.745930954282155,118,120,0,0,118
asynchronous,rastrigin,4,8,120,13,18.749105822388998,118,120,0,0,118
asynchronous,rastrigin,4,8,120,14,19.521261460140735,118,120,0,0,118
asynchronous,rastrigin,4,8,120,15,24.485704413231552,118,120,0,0,118
generational,rastrigin,4,8,240,0,6.093412530072136,233,240,0,0,30
generational,rastrigin,4,8,240,1,8.360739908742815,233,240,0,0,30
generational,rastrigin,4,8,240,2,6.1535637287371685,233,240,0,0,30
generational,rastrigin,4,8,240,3,5.44479698830169,233,240,0,0,30
generational,rastrigin,4,8,240,4,8.029261176065425,233,240,0,0,30
generational,rastrigin,4,8,240,5,2.4252514629537387,233,240,0,0,30
generational,rastrigin,4,8,240,6,5.33451682387539,233,240,0,0,30
generational,rastrigin,4,8,240,7,6.1155946375735795,233,240,0,0,30
generational,rastrigin,4,8,240,8,5.084659526053684,233,240,0,0,30
generational,rastrigin,4,8,240,9,8.381634035550505,233,240,0,0,30
generational,rastrigin,4,8,240,10,4.646576588950126,233,240,0,0,30
generational,rastrigin,4,8,240,11,12.249938383758092,233,240,0,0,30
generational,rastrigin,4,8,240,12,4.2456638541543015,233,240,0,0,30
generational,rastrigin,4,8,240,13,10.83472259771186,233,240,0,0,30
generational,rastrigin,4,8,240,14,6.539871612371456,233,240,0,0,30
generational,rastrigin,4,8,240,15,6.340749574436927,233,240,0,0,30
asynchronous,rastrigin,4,8,240,0,3.4803288099612644,238,240,0,0,238
asynchronous,rastrigin,4,8,240,1,3.3621555302270636,238,240,0,0,238
asynchronous,rastrigin,4,8,240,2,12.86227600809957,238,240,0,0,238
asynchronous,rastrigin,4,8,240,3,0.7501644097073523,238,240,0,0,238
asynchronous,rastrigin,4,8,240,4,1.8087155075980874,238,240,0,0,238
asynchronous,rastrigin,4,8,240,5,5.255802185050044,238,240,0,0,238
asynchronous,rastrigin,4,8,240,6,3.001943416945096,238,240,0,0,238
asynchronous,rastrigin,4,8,240,7,5.213072877275096,238,240,0,0,238
asynchronous,rastrigin,4,8,240,8,11.739426255536717,238,240,0,0,238
asynchronous,rastrigin,4,8,240,9,8.040424116689664,238,240,0,0,238
asynchronous,rastrigin,4,8,240,10,3.988284744681337,238,240,0,0,238
asynchronous,rastrigin,4,8,240,11,1.9996946864770564,238,240,0,0,238
asynchronous,rastrigin,4,8,240,12,5.893501986161141,238,240,0,0,238
asynchronous,rastrigin,4,8,240,13,14.053126699956731,238,240,0,0,238
asynchronous,rastrigin,4,8,240,14,7.806640034880964,238,240,0,0,238
asynchronous,rastrigin,4,8,240,15,9.810199064990378,238,240,0,0,238
generational,rastrigin,4,8,600,0,4.974800736015283,593,600,0,0,75
generational,rastrigin,4,8,600,1,4.108909552667818,593,600,0,0,75
generational,rastrigin,4,8,600,2,1.9900076510471365,593,600,0,0,75
generational,rastrigin,4,8,600,3,1.9933770567279296,593,600,0,0,75
generational,rastrigin,4,8,600,4,3.980018946517596,593,600,0,0,75
generational,rastrigin,4,8,600,5,2.0092036652459413,593,600,0,0,75
generational,rastrigin,4,8,600,6,1.9922691501561118,593,600,0,0,75
generational,rastrigin,4,8,600,7,5.969750979121642,593,600,0,0,75
generational,rastrigin,4,8,600,8,3.9798312929648745,593,600,0,0,75
generational,rastrigin,4,8,600,9,5.97601775043951,593,600,0,0,75
generational,rastrigin,4,8,600,10,0.9979794252233702,593,600,0,0,75
generational,rastrigin,4,8,600,11,2.5593268556965114,593,600,0,0,75
generational,rastrigin,4,8,600,12,2.9848779486831063,593,600,0,0,75
generational,rastrigin,4,8,600,13,5.988826134521879,593,600,0,0,75
generational,rastrigin,4,8,600,14,5.308100005520117,593,600,0,0,75
generational,rastrigin,4,8,600,15,4.72302144725446,593,600,0,0,75
asynchronous,rastrigin,4,8,600,0,1.9922361206586743,598,600,0,0,598
asynchronous,rastrigin,4,8,600,1,0.9953123068953147,598,600,0,0,598
asynchronous,rastrigin,4,8,600,2,4.974877865086711,598,600,0,0,598
asynchronous,rastrigin,4,8,600,3,3.092580605823514e-06,598,600,0,0,598
asynchronous,rastrigin,4,8,600,4,0.9950031802346686,598,600,0,0,598
asynchronous,rastrigin,4,8,600,5,1.9899448236344526,598,600,0,0,598
asynchronous,rastrigin,4,8,600,6,2.9848771732342954,598,600,0,0,598
asynchronous,rastrigin,4,8,600,7,4.974790457426742,598,600,0,0,598
asynchronous,rastrigin,4,8,600,8,1.1851396110198351,598,600,0,0,598
asynchronous,rastrigin,4,8,600,9,1.9901164652733172,598,600,0,0,598
asynchronous,rastrigin,4,8,600,10,3.979851275590235,598,600,0,0,598
asynchronous,rastrigin,4,8,600,11,1.9899181153199663,598,600,0,0,598
asynchronous,rastrigin,4,8,600,12,2.984971011010856,598,600,0,0,598
asynchronous,rastrigin,4,8,600,13,6.9647408890583975,598,600,0,0,598
asynchronous,rastrigin,4,8,600,14,5.969753992837752,598,600,0,0,598
asynchronous,rastrigin,4,8,600,15,8.95462145036418,598,600,0,0,598
generational,rastrigin,4,16,120,0,13.763043382133429,113,120,0,0,8
generational,rastrigin,4,16,120,1,8.653030425474427,113,120,0,0,8
generational,rastrigin,4,16,120,2,19.70925234511984,113,120,0,0,8
generational,rastrigin,4,16,120,3,11.822096070831563,113,120,0,0,8
generational,rastrigin,4,16,120,4,19.818621257888438,113,120,0,0,8
generational,rastrigin,4,16,120,5,15.680684533009178,113,120,0,0,8
generational,rastrigin,4,16,120,6,14.027426537402736,113,120,0,0,8
generational,rastrigin,4,16,120,7,20.063526144045966,113,120,0,0,8
generational,rastrigin,4,16,120,8,12.715113627250396,113,120,0,0,8
generational,rastrigin,4,16,120,9,17.076249223597607,113,120,0,0,8
generational,rastrigin,4,16,120,10,18.962626084413948,113,120,0,0,8
generational,rastrigin,4,16,120,11,19.150541968787074,113,120,0,0,8
generational,rastrigin,4,16,120,12,10.403614666222921,113,120,0,0,8
generational,rastrigin,4,16,120,13,19.90558437399509,113,120,0,0,8
generational,rastrigin,4,16,120,14,20.455270406104994,113,120,0,0,8
generational,rastrigin,4,16,120,15,10.716352745680215,113,120,0,0,8
asynchronous,rastrigin,4,16,120,0,17.35500152731437,118,120,0,0,118
asynchronous,rastrigin,4,16,120,1,21.60001726159163,118,120,0,0,118
asynchronous,rastrigin,4,16,120,2,18.7263283342865,118,120,0,0,118
asynchronous,rastrigin,4,16,120,3,11.713573797636503,118,120,0,0,118
asynchronous,rastrigin,4,16,120,4,24.894682818539017,118,120,0,0,118
asynchronous,rastrigin,4,16,120,5,28.718738947952716,118,120,0,0,118
asynchronous,rastrigin,4,16,120,6,21.67805463730451,118,120,0,0,118
asynchronous,rastrigin,4,16,120,7,7.702890504589931,118,120,0,0,118
asynchronous,rastrigin,4,16,120,8,10.94215441243401,118,120,0,0,118
asynchronous,rastrigin,4,16,120,9,10.08402374387472,118,120,0,0,118
asynchronous,rastrigin,4,16,120,10,18.118204975048165,118,120,0,0,118
asynchronous,rastrigin,4,16,120,11,20.63501080143758,118,120,0,0,118
asynchronous,rastrigin,4,16,120,12,22.622872271689644,118,120,0,0,118
asynchronous,rastrigin,4,16,120,13,16.852203122814746,118,120,0,0,118
asynchronous,rastrigin,4,16,120,14,16.568607371225415,118,120,0,0,118
asynchronous,rastrigin,4,16,120,15,16.291398730974684,118,120,0,0,118
generational,rastrigin,4,16,240,0,13.763043382133429,225,240,0,0,15
generational,rastrigin,4,16,240,1,8.653030425474427,225,240,0,0,15
generational,rastrigin,4,16,240,2,11.964223151722287,225,240,0,0,15
generational,rastrigin,4,16,240,3,11.822096070831563,225,240,0,0,15
generational,rastrigin,4,16,240,4,19.334090445768638,225,240,0,0,15
generational,rastrigin,4,16,240,5,11.440804234543851,225,240,0,0,15
generational,rastrigin,4,16,240,6,14.027426537402736,225,240,0,0,15
generational,rastrigin,4,16,240,7,12.3650397017486,225,240,0,0,15
generational,rastrigin,4,16,240,8,4.664399733918152,225,240,0,0,15
generational,rastrigin,4,16,240,9,17.076249223597607,225,240,0,0,15
generational,rastrigin,4,16,240,10,11.531752083608712,225,240,0,0,15
generational,rastrigin,4,16,240,11,16.70145269097333,225,240,0,0,15
generational,rastrigin,4,16,240,12,7.154731272348435,225,240,0,0,15
generational,rastrigin,4,16,240,13,13.771307880214614,225,240,0,0,15
generational,rastrigin,4,16,240,14,12.86174480422632,225,240,0,0,15
generational,rastrigin,4,16,240,15,3.7560162397065966,225,240,0,0,15
asynchronous,rastrigin,4,16,240,0,9.18565557090525,238,240,0,0,238
asynchronous,rastrigin,4,16,240,1,12.513150397337558,238,240,0,0,238
asynchronous,rastrigin,4,16,240,2,17.33287164468716,238,240,0,0,238
asynchronous,rastrigin,4,16,240,3,11.713573797636503,238,240,0,0,238
asynchronous,rastrigin,4,16,240,4,7.305465381274502,238,240,0,0,238
asynchronous,rastrigin,4,16,240,5,18.223117229458634,238,240,0,0,238
asynchronous,rastrigin,4,16,240,6,9.590393761345965,238,240,0,0,238
asynchronous,rastrigin,4,16,240,7,6.835130252870883,238,240,0,0,238
asynchronous,rastrigin,4,16,240,8,10.94215441243401,238,240,0,0,238
asynchronous,rastrigin,4,16,240,9,6.195162940482803,238,240,0,0,238
asynchronous,rastrigin,4,16,240,10,3.9642934879485523,238,240,0,0,238
asynchronous,rastrigin,4,16,240,11,9.182522203123927,238,240,0,0,238
asynchronous,rastrigin,4,16,240,12,16.328304279089703,238,240,0,0,238
asynchronous,rastrigin,4,16,240,13,13.969298765868185,238,240,0,0,238
asynchronous,rastrigin,4,16,240,14,3.834820900252808,238,240,0,0,238
asynchronous,rastrigin,4,16,240,15,5.955650420455427,238,240,0,0,238
generational,rastrigin,4,16,600,0,7.94160452282339,593,600,0,0,38
generational,rastrigin,4,16,600,1,2.8059606636637966,593,600,0,0,38
generational,rastrigin,4,16,600,2,3.473612060148035,593,600,0,0,38
generational,rastrigin,4,16,600,3,6.377197443422631,593,600,0,0,38
generational,rastrigin,4,16,600,4,1.5730886224018832,593,600,0,0,38
generational,rastrigin,4,16,600,5,4.466924567384119,593,600,0,0,38
generational,rastrigin,4,16,600,6,4.657102519185031,593,600,0,0,38
generational,rastrigin,4,16,600,7,2.456630600267019,593,600,0,0,38
generational,rastrigin,4,16,600,8,1.8887619021247701,593,600,0,0,38
generational,rastrigin,4,16,600,9,3.1174215842139077,593,600,0,0,38
generational,rastrigin,4,16,600,10,9.0397354951164,593,600,0,0,38
generational,rastrigin,4,16,600,11,4.990442644296934,593,600,0,0,38
generational,rastrigin,4,16,600,12,0.7127896220435019,593,600,0,0,38
generational,rastrigin,4,16,600,13,6.4049916006562455,593,600,0,0,38
generational,rastrigin,4,16,600,14,2.686335787239571,593,600,0,0,38
generational,rastrigin,4,16,600,15,0.5327991234894398,593,600,0,0,38
asynchronous,rastrigin,4,16,600,0,1.056602348755895,598,600,0,0,598
asynchronous,rastrigin,4,16,600,1,3.0465894872616133,598,600,0,0,598
asynchronous,rastrigin,4,16,600,2,4.413726621716414,598,600,0,0,598
asynchronous,rastrigin,4,16,600,3,2.1002040288682693,598,600,0,0,598
asynchronous,rastrigin,4,16,600,4,2.198461497713531,598,600,0,0,598
asynchronous,rastrigin,4,16,600,5,2.7631276832846225,598,600,0,0,598
asynchronous,rastrigin,4,16,600,6,4.294344404413238,598,600,0,0,598
asynchronous,rastrigin,4,16,600,7,1.005433570970979,598,600,0,0,598
asynchronous,rastrigin,4,16,600,8,5.62167234671103,598,600,0,0,598
asynchronous,rastrigin,4,16,600,9,6.195162940482803,598,600,0,0,598
asynchronous,rastrigin,4,16,600,10,3.9642934879485523,598,600,0,0,598
asynchronous,rastrigin,4,16,600,11,3.410930372615937,598,600,0,0,598
asynchronous,rastrigin,4,16,600,12,3.6408954601270693,598,600,0,0,598
asynchronous,rastrigin,4,16,600,13,9.117364008465685,598,600,0,0,598
asynchronous,rastrigin,4,16,600,14,1.0249258983789815,598,600,0,0,598
asynchronous,rastrigin,4,16,600,15,3.386561655074267,598,600,0,0,598
generational,rastrigin,4,60,120,0,37.05030143506018,61,120,0,0,2
generational,rastrigin,4,60,120,1,31.548264776651365,61,120,0,0,2
generational,rastrigin,4,60,120,2,34.06243708648483,61,120,0,0,2
generational,rastrigin,4,60,120,3,35.129697350133654,61,120,0,0,2
generational,rastrigin,4,60,120,4,31.677369349380626,61,120,0,0,2
generational,rastrigin,4,60,120,5,30.477817988122432,61,120,0,0,2
generational,rastrigin,4,60,120,6,37.99367076862068,61,120,0,0,2
generational,rastrigin,4,60,120,7,30.221451702320312,61,120,0,0,2
generational,rastrigin,4,60,120,8,40.009201638746596,61,120,0,0,2
generational,rastrigin,4,60,120,9,24.452376728657065,61,120,0,0,2
generational,rastrigin,4,60,120,10,31.209953182564757,61,120,0,0,2
generational,rastrigin,4,60,120,11,15.505862710461301,61,120,0,0,2
generational,rastrigin,4,60,120,12,23.801318742647283,61,120,0,0,2
generational,rastrigin,4,60,120,13,25.032933720218193,61,120,0,0,2
generational,rastrigin,4,60,120,14,26.469437897275355,61,120,0,0,2
generational,rastrigin,4,60,120,15,31.031171450870342,61,120,0,0,2
asynchronous,rastrigin,4,60,120,0,30.372034565048516,118,120,0,0,118
asynchronous,rastrigin,4,60,120,1,20.185803935190386,118,120,0,0,118
asynchronous,rastrigin,4,60,120,2,26.16284763227867,118,120,0,0,118
asynchronous,rastrigin,4,60,120,3,12.982210471686066,118,120,0,0,118
asynchronous,rastrigin,4,60,120,4,13.862071587375148,118,120,0,0,118
asynchronous,rastrigin,4,60,120,5,30.477817988122432,118,120,0,0,118
asynchronous,rastrigin,4,60,120,6,34.837806124733206,118,120,0,0,118
asynchronous,rastrigin,4,60,120,7,21.794281954495393,118,120,0,0,118
asynchronous,rastrigin,4,60,120,8,39.48118738207552,118,120,0,0,118
asynchronous,rastrigin,4,60,120,9,24.452376728657065,118,120,0,0,118
asynchronous,rastrigin,4,60,120,10,31.209953182564757,118,120,0,0,118
asynchronous,rastrigin,4,60,120,11,15.505862710461301,118,120,0,0,118
asynchronous,rastrigin,4,60,120,12,23.801318742647283,118,120,0,0,118
asynchronous,rastrigin,4,60,120,13,25.032933720218193,118,120,0,0,118
asynchronous,rastrigin,4,60,120,14,26.469437897275355,118,120,0,0,118
asynchronous,rastrigin,4,60,120,15,23.220432463999717,118,120,0,0,118
generational,rastrigin,4,60,240,0,8.128466350417007,181,240,0,0,4
generational,rastrigin,4,60,240,1,24.97260585229458,181,240,0,0,4
generational,rastrigin,4,60,240,2,28.773275447567848,181,240,0,0,4
generational,rastrigin,4,60,240,3,17.76410557552335,181,240,0,0,4
generational,rastrigin,4,60,240,4,21.810296706879928,181,240,0,0,4
generational,rastrigin,4,60,240,5,23.97535628543307,181,240,0,0,4
generational,rastrigin,4,60,240,6,24.35403749331091,181,240,0,0,4
generational,rastrigin,4,60,240,7,8.94751496637683,181,240,0,0,4
generational,rastrigin,4,60,240,8,27.39258463802181,181,240,0,0,4
generational,rastrigin,4,60,240,9,17.329038258052393,181,240,0,0,4
generational,rastrigin,4,60,240,10,27.147593041658403,181,240,0,0,4
generational,rastrigin,4,60,240,11,15.505862710461301,181,240,0,0,4
generational,rastrigin,4,60,240,12,16.827113112084326,181,240,0,0,4
generational,rastrigin,4,60,240,13,25.032933720218193,181,240,0,0,4
generational,rastrigin,4,60,240,14,16.814689228391813,181,240,0,0,4
generational,rastrigin,4,60,240,15,21.932781262490437,181,240,0,0,4
asynchronous,rastrigin,4,60,240,0,13.409048042963146,238,240,0,0,238
asynchronous,rastrigin,4,60,240,1,19.733167585834245,238,240,0,0,238
asynchronous,rastrigin,4,60,240,2,21.959980694731932,238,240,0,0,238
asynchronous,rastrigin,4,60,240,3,12.982210471686066,238,240,0,0,238
asynchronous,rastrigin,4,60,240,4,13.862071587375148,238,240,0,0,238
asynchronous,rastrigin,4,60,240,5,24.880645249404814,238,240,0,0,238
asynchronous,rastrigin,4,60,240,6,18.99460152009755,238,240,0,0,238
asynchronous,rastrigin,4,60,240,7,21.418092908316147,238,240,0,0,238
asynchronous,rastrigin,4,60,240,8,28.803870212604217,238,240,0,0,238
asynchronous,rastrigin,4,60,240,9,24.289068785669674,238,240,0,0,238
asynchronous,rastrigin,4,60,240,10,27.34666361631346,238,240,0,0,238
asynchronous,rastrigin,4,60,240,11,14.617638361302326,238,240,0,0,238
asynchronous,rastrigin,4,60,240,12,19.125474440118143,238,240,0,0,238
asynchronous,rastrigin,4,60,240,13,23.86406908442239,238,240,0,0,238
asynchronous,rastrigin,4,60,240,14,26.469437897275355,238,240,0,0,238
asynchronous,rastrigin,4,60,240,15,22.499785234592984,238,240,0,0,238
generational,rastrigin,4,60,600,0,7.788884971519025,541,600,0,0,10
generational,rastrigin,4,60,600,1,19.952146620947943,541,600,0,0,10
generational,rastrigin,4,60,600,2,9.388364246011367,541,600,0,0,10
generational,rastrigin,4,60,600,3,12.390403764562286,541,600,0,0,10
generational,rastrigin,4,60,600,4,15.09021869490411,541,600,0,0,10
generational,rastrigin,4,60,600,5,2.1208192310790253,541,600,0,0,10
generational,rastrigin,4,60,600,6,10.024185224030873,541,600,0,0,10
generational,rastrigin,4,60,600,7,5.278599750516207,541,600,0,0,10
generational,rastrigin,4,60,600,8,10.564013127386737,541,600,0,0,10
generational,rastrigin,4,60,600,9,15.047938349984058,541,600,0,0,10
generational,rastrigin,4,60,600,10,13.324405747361244,541,600,0,0,10
generational,rastrigin,4,60,600,11,12.343698447164158,541,600,0,0,10
generational,rastrigin,4,60,600,12,13.313915049107141,541,600,0,0,10
generational,rastrigin,4,60,600,13,12.59859385383115,541,600,0,0,10
generational,rastrigin,4,60,600,14,10.00248581216961,541,600,0,0,10
generational,rastrigin,4,60,600,15,12.887679863068527,541,600,0,0,10
asynchronous,rastrigin,4,60,600,0,8.482595461120287,598,600,0,0,598
asynchronous,rastrigin,4,60,600,1,12.454042012381347,598,600,0,0,598
asynchronous,rastrigin,4,60,600,2,10.454700797999436,598,600,0,0,598
asynchronous,rastrigin,4,60,600,3,6.7251665198614035,598,600,0,0,598
asynchronous,rastrigin,4,60,600,4,7.232072424851168,598,600,0,0,598
asynchronous,rastrigin,4,60,600,5,11.397854622026486,598,600,0,0,598
asynchronous,rastrigin,4,60,600,6,10.029653689813955,598,600,0,0,598
asynchronous,rastrigin,4,60,600,7,4.458623394329699,598,600,0,0,598
asynchronous,rastrigin,4,60,600,8,13.397401477863092,598,600,0,0,598
asynchronous,rastrigin,4,60,600,9,20.92752064601283,598,600,0,0,598
asynchronous,rastrigin,4,60,600,10,8.822612921074814,598,600,0,0,598
asynchronous,rastrigin,4,60,600,11,14.57413939683899,598,600,0,0,598
asynchronous,rastrigin,4,60,600,12,7.914663599569494,598,600,0,0,598
asynchronous,rastrigin,4,60,600,13,7.8162567473911935,598,600,0,0,598
asynchronous,rastrigin,4,60,600,14,13.62941639150403,598,600,0,0,598
asynchronous,rastrigin,4,60,600,15,10.687023538877028,598,600,0,0,598
generational,sphere,4,8,120,0,0.262017566361108,113,120,0,0,15
generational,sphere,4,8,120,1,0.42441039942197556,113,120,0,0,15
generational,sphere,4,8,120,2,0.012726669991870387,113,120,0,0,15
generational,sphere,4,8,120,3,0.0860228334455839,113,120,0,0,15
generational,sphere,4,8,120,4,0.1272843338094722,113,120,0,0,15
generational,sphere,4,8,120,5,0.4562429216085607,113,120,0,0,15
generational,sphere,4,8,120,6,0.17312619221216527,113,120,0,0,15
generational,sphere,4,8,120,7,0.18152483106140993,113,120,0,0,15
generational,sphere,4,8,120,8,0.18895531237320706,113,120,0,0,15
generational,sphere,4,8,120,9,0.20434056994293145,113,120,0,0,15
generational,sphere,4,8,120,10,0.28567414063242974,113,120,0,0,15
generational,sphere,4,8,120,11,0.11803170589408377,113,120,0,0,15
generational,sphere,4,8,120,12,0.33949936798925223,113,120,0,0,15
generational,sphere,4,8,120,13,0.24448204562314851,113,120,0,0,15
generational,sphere,4,8,120,14,0.417942803790887,113,120,0,0,15
generational,sphere,4,8,120,15,0.018970876455732023,113,120,0,0,15
asynchronous,sphere,4,8,120,0,0.24297393671768544,118,120,0,0,118
asynchronous,sphere,4,8,120,1,0.2028157309488219,118,120,0,0,118
asynchronous,sphere,4,8,120,2,0.056961426780361354,118,120,0,0,118
asynchronous,sphere,4,8,120,3,0.11468114182205472,118,120,0,0,118
asynchronous,sphere,4,8,120,4,0.1460934852028336,118,120,0,0,118
asynchronous,sphere,4,8,120,5,0.17490439664438256,118,120,0,0,118
asynchronous,sphere,4,8,120,6,0.3565560253874175,118,120,0,0,118
asynchronous,sphere,4,8,120,7,0.19021917543076375,118,120,0,0,118
asynchronous,sphere,4,8,120,8,0.007057151967732089,118,120,0,0,118
asynchronous,sphere,4,8,120,9,0.42849067078310676,118,120,0,0,118
asynchronous,sphere,4,8,120,10,0.0309310471297908,118,120,0,0,118
asynchronous,sphere,4,8,120,11,0.23950395180506412,118,120,0,0,118
asynchronous,sphere,4,8,120,12,0.4732901558960521,118,120,0,0,118
asynchronous,sphere,4,8,120,13,0.14461094499993665,118,120,0,0,118
asynchronous,sphere,4,8,120,14,0.12476416083934537,118,120,0,0,118
asynchronous,sphere,4,8,120,15,0.013364785007647824,118,120,0,0,118
generational,sphere,4,8,240,0,0.0004187884055966569,233,240,0,0,30
generational,sphere,4,8,240,1,0.0028993806276135176,233,240,0,0,30
generational,sphere,4,8,240,2,0.0002119271566613942,233,240,0,0,30
generational,sphere,4,8,240,3,0.0004100896456645962,233,240,0,0,30
generational,sphere,4,8,240,4,0.0017425397908096816,233,240,0,0,30
generational,sphere,4,8,240,5,0.0038557991667802303,233,240,0,0,30
generational,sphere,4,8,240,6,0.0041211983860805915,233,240,0,0,30
generational,sphere,4,8,240,7,0.0028743671226114003,233,240,0,0,30
generational,sphere,4,8,240,8,0.0012063381266601652,233,240,0,0,30
generational,sphere,4,8,240,9,0.020502408783586917,233,240,0,0,30
generational,sphere,4,8,240,10,0.005571560761468711,233,240,0,0,30
generational,sphere,4,8,240,11,0.0030016986260196876,233,240,0,0,30
generational,sphere,4,8,240,12,0.005473891946667291,233,240,0,0,30
generational,sphere,4,8,240,13,0.0010981640515150667,233,240,0,0,30
generational,sphere,4,8,240,14,0.002149099647658614,233,240,0,0,30
generational,sphere,4,8,240,15,0.0008346131528413804,233,240,0,0,30
asynchronous,sphere,4,8,240,0,0.03488086853492573,238,240,0,0,238
asynchronous,sphere,4,8,240,1,0.00387764159790043,238,240,0,0,238
asynchronous,sphere,4,8,240,2,0.0005310056424553921,238,240,0,0,238
asynchronous,sphere,4,8,240,3,0.005994100929704832,238,240,0,0,238
asynchronous,sphere,4,8,240,4,1.2957582486122539e-05,238,240,0,0,238
asynchronous,sphere,4,8,240,5,0.05329692911138687,238,240,0,0,238
asynchronous,sphere,4,8,240,6,0.18036714897547731,238,240,0,0,238
asynchronous,sphere,4,8,240,7,0.02788867155181894,238,240,0,0,238
asynchronous,sphere,4,8,240,8,7.730929653710592e-05,238,240,0,0,238
asynchronous,sphere,4,8,240,9,0.08382783793982662,238,240,0,0,238
asynchronous,sphere,4,8,240,10,0.00018935511124718905,238,240,0,0,238
asynchronous,sphere,4,8,240,11,0.0009062945270898548,238,240,0,0,238
asynchronous,sphere,4,8,240,12,0.042958940949717465,238,240,0,0,238
asynchronous,sphere,4,8,240,13,0.00010831482827669302,238,240,0,0,238
asynchronous,sphere,4,8,240,14,0.0002718356448849792,238,240,0,0,238
asynchronous,sphere,4,8,240,15,0.0003208750750680335,238,240,0,0,238
generational,sphere,4,8,600,0,2.320200847789323e-08,593,600,0,0,75
generational,sphere,4,8,600,1,5.894709799539587e-09,593,600,0,0,75
generational,sphere,4,8,600,2,9.887916096521416e-10,593,600,0,0,75
generational,sphere,4,8,600,3,5.9258555476761e-09,593,600,0,0,75
generational,sphere,4,8,600,4,0.00025204469661009116,593,600,0,0,75
generational,sphere,4,8,600,5,2.0467111124325345e-08,593,600,0,0,75
generational,sphere,4,8,600,6,1.2143242745250442e-09,593,600,0,0,75
generational,sphere,4,8,600,7,5.23649224484056e-07,593,600,0,0,75
generational,sphere,4,8,600,8,1.1406357538005724e-10,593,600,0,0,75
generational,sphere,4,8,600,9,0.0030485838287011837,593,600,0,0,75
generational,sphere,4,8,600,10,5.531565812732395e-10,593,600,0,0,75
generational,sphere,4,8,600,11,4.078104118733512e-07,593,600,0,0,75
generational,sphere,4,8,600,12,8.201617770324246e-11,593,600,0,0,75
generational,sphere,4,8,600,13,7.824216583283719e-08,593,600,0,0,75
generational,sphere,4,8,600,14,2.3767253873398263e-09,593,600,0,0,75
generational,sphere,4,8,600,15,1.4737175650078315e-09,593,600,0,0,75
asynchronous,sphere,4,8,600,0,2.0602331185626633e-08,598,600,0,0,598
asynchronous,sphere,4,8,600,1,2.3363775082464677e-09,598,600,0,0,598
asynchronous,sphere,4,8,600,2,2.0556531751502298e-05,598,600,0,0,598
asynchronous,sphere,4,8,600,3,1.7849388300003027e-05,598,600,0,0,598
asynchronous,sphere,4,8,600,4,8.633556278532656e-11,598,600,0,0,598
asynchronous,sphere,4,8,600,5,9.388030507327582e-05,598,600,0,0,598
asynchronous,sphere,4,8,600,6,7.695487088001769e-06,598,600,0,0,598
asynchronous,sphere,4,8,600,7,1.2747374260444808e-05,598,600,0,0,598
asynchronous,sphere,4,8,600,8,7.81246722347595e-10,598,600,0,0,598
asynchronous,sphere,4,8,600,9,3.167832103180898e-05,598,600,0,0,598
asynchronous,sphere,4,8,600,10,2.3697319020001465e-10,598,600,0,0,598
asynchronous,sphere,4,8,600,11,1.6750756869484341e-10,598,600,0,0,598
asynchronous,sphere,4,8,600,12,1.192294052661817e-07,598,600,0,0,598
asynchronous,sphere,4,8,600,13,2.9951109226266304e-11,598,600,0,0,598
asynchronous,sphere,4,8,600,14,1.5399657719413298e-09,598,600,0,0,598
asynchronous,sphere,4,8,600,15,2.1749550062597642e-06,598,600,0,0,598
generational,sphere,4,16,120,0,1.2977170656982655,113,120,0,0,8
generational,sphere,4,16,120,1,0.9972482164695191,113,120,0,0,8
generational,sphere,4,16,120,2,1.3231998592131777,113,120,0,0,8
generational,sphere,4,16,120,3,2.1377667767861777,113,120,0,0,8
generational,sphere,4,16,120,4,2.9491673225247492,113,120,0,0,8
generational,sphere,4,16,120,5,0.879713909566303,113,120,0,0,8
generational,sphere,4,16,120,6,0.547546403431299,113,120,0,0,8
generational,sphere,4,16,120,7,0.8941424820948072,113,120,0,0,8
generational,sphere,4,16,120,8,0.33610862630250393,113,120,0,0,8
generational,sphere,4,16,120,9,0.9226799286781727,113,120,0,0,8
generational,sphere,4,16,120,10,0.5875686338347337,113,120,0,0,8
generational,sphere,4,16,120,11,3.20659027844031,113,120,0,0,8
generational,sphere,4,16,120,12,1.776373428128137,113,120,0,0,8
generational,sphere,4,16,120,13,0.8783120785226926,113,120,0,0,8
generational,sphere,4,16,120,14,0.45612752160601056,113,120,0,0,8
generational,sphere,4,16,120,15,1.2840612192923604,113,120,0,0,8
asynchronous,sphere,4,16,120,0,0.15389144298109364,118,120,0,0,118
asynchronous,sphere,4,16,120,1,1.1029548854843805,118,120,0,0,118
asynchronous,sphere,4,16,120,2,0.17157008091434792,118,120,0,0,118
asynchronous,sphere,4,16,120,3,1.1937074005183796,118,120,0,0,118
asynchronous,sphere,4,16,120,4,0.16772662131238789,118,120,0,0,118
asynchronous,sphere,4,16,120,5,1.5833527921273371,118,120,0,0,118
asynchronous,sphere,4,16,120,6,0.506128687919758,118,120,0,0,118
asynchronous,sphere,4,16,120,7,0.9401903218319458,118,120,0,0,118
asynchronous,sphere,4,16,120,8,1.47450152056435,118,120,0,0,118
asynchronous,sphere,4,16,120,9,0.5990968146021229,118,120,0,0,118
asynchronous,sphere,4,16,120,10,0.24561761264346643,118,120,0,0,118
asynchronous,sphere,4,16,120,11,0.8817376886904766,118,120,0,0,118
asynchronous,sphere,4,16,120,12,0.44901298118173083,118,120,0,0,118
asynchronous,sphere,4,16,120,13,0.5319299608200465,118,120,0,0,118
asynchronous,sphere,4,16,120,14,0.2036344027282437,118,120,0,0,118
asynchronous,sphere,4,16,120,15,1.0640023334980981,118,120,0,0,118
generational,sphere,4,16,240,0,0.2724165901741932,225,240,0,0,15
generational,sphere,4,16,240,1,0.03558439208551177,225,240,0,0,15
generational,sphere,4,16,240,2,0.08471070679806918,225,240,0,0,15
generational,sphere,4,16,240,3,0.2576877424286655,225,240,0,0,15
generational,sphere,4,16,240,4,0.06761393664562641,225,240,0,0,15
generational,sphere,4,16,240,5,0.10862182439613115,225,240,0,0,15
generational,sphere,4,16,240,6,0.08341208135060812,225,240,0,0,15
generational,sphere,4,16,240,7,0.013202526458573274,225,240,0,0,15
generational,sphere,4,16,240,8,0.019970690954600585,225,240,0,0,15
generational,sphere,4,16,240,9,0.031148409786102192,225,240,0,0,15
generational,sphere,4,16,240,10,0.14710671589453964,225,240,0,0,15
generational,sphere,4,16,240,11,0.03671737040387747,225,240,0,0,15
generational,sphere,4,16,240,12,0.13951050695017964,225,240,0,0,15
generational,sphere,4,16,240,13,0.03681016189472281,225,240,0,0,15
generational,sphere,4,16,240,14,0.057560155791347996,225,240,0,0,15
generational,sphere,4,16,240,15,0.016874883902257987,225,240,0,0,15
asynchronous,sphere,4,16,240,0,0.006270499727454366,238,240,0,0,238
asynchronous,sphere,4,16,240,1,0.018263874297470936,238,240,0,0,238
asynchronous,sphere,4,16,240,2,0.07672314402691774,238,240,0,0,238
asynchronous,sphere,4,16,240,3,0.058170804524673964,238,240,0,0,238
asynchronous,sphere,4,16,240,4,0.001874233176472723,238,240,0,0,238
asynchronous,sphere,4,16,240,5,0.038190197378861104,238,240,0,0,238
asynchronous,sphere,4,16,240,6,0.007782576980592235,238,240,0,0,238
asynchronous,sphere,4,16,240,7,0.05676724919713045,238,240,0,0,238
asynchronous,sphere,4,16,240,8,0.07629827416515754,238,240,0,0,238
asynchronous,sphere,4,16,240,9,0.014006961863969629,238,240,0,0,238
asynchronous,sphere,4,16,240,10,0.01639257133596064,238,240,0,0,238
asynchronous,sphere,4,16,240,11,0.08459685552592458,238,240,0,0,238
asynchronous,sphere,4,16,240,12,0.0218004859694615,238,240,0,0,238
asynchronous,sphere,4,16,240,13,0.06606304696455803,238,240,0,0,238
asynchronous,sphere,4,16,240,14,0.00985964035658146,238,240,0,0,238
asynchronous,sphere,4,16,240,15,0.053844600414807764,238,240,0,0,238
generational,sphere,4,16,600,0,7.4136441029736285e-06,593,600,0,0,38
generational,sphere,4,16,600,1,1.4846205096510816e-05,593,600,0,0,38
generational,sphere,4,16,600,2,2.1436729021229956e-05,593,600,0,0,38
generational,sphere,4,16,600,3,0.00014543667057096815,593,600,0,0,38
generational,sphere,4,16,600,4,8.630717001579526e-05,593,600,0,0,38
generational,sphere,4,16,600,5,4.5816478043187205e-05,593,600,0,0,38
generational,sphere,4,16,600,6,2.1120063251811908e-06,593,600,0,0,38
generational,sphere,4,16,600,7,4.664804646069956e-05,593,600,0,0,38
generational,sphere,4,16,600,8,1.4618579933866574e-05,593,600,0,0,38
generational,sphere,4,16,600,9,1.732227135353864e-05,593,600,0,0,38
generational,sphere,4,16,600,10,0.00011731568639289432,593,600,0,0,38
generational,sphere,4,16,600,11,6.891847994554274e-06,593,600,0,0,38
generational,sphere,4,16,600,12,1.101421305046169e-05,593,600,0,0,38
generational,sphere,4,16,600,13,1.110143382540431e-05,593,600,0,0,38
generational,sphere,4,16,600,14,4.844129026066118e-06,593,600,0,0,38
generational,sphere,4,16,600,15,1.0320478132126901e-05,593,600,0,0,38
asynchronous,sphere,4,16,600,0,5.062263430985775e-07,598,600,0,0,598
asynchronous,sphere,4,16,600,1,9.969447286975823e-06,598,600,0,0,598
asynchronous,sphere,4,16,600,2,1.8463957825275477e-05,598,600,0,0,598
asynchronous,sphere,4,16,600,3,1.4939082743735338e-05,598,600,0,0,598
asynchronous,sphere,4,16,600,4,2.374937008440521e-08,598,600,0,0,598
asynchronous,sphere,4,16,600,5,2.0863064648485534e-06,598,600,0,0,598
asynchronous,sphere,4,16,600,6,5.466176521777206e-07,598,600,0,0,598
asynchronous,sphere,4,16,600,7,2.1478133505306864e-06,598,600,0,0,598
asynchronous,sphere,4,16,600,8,1.5000588038572851e-05,598,600,0,0,598
asynchronous,sphere,4,16,600,9,4.7273646680782065e-06,598,600,0,0,598
asynchronous,sphere,4,16,600,10,5.47067810911557e-06,598,600,0,0,598
asynchronous,sphere,4,16,600,11,5.9456318820962955e-06,598,600,0,0,598
asynchronous,sphere,4,16,600,12,9.254612732397555e-06,598,600,0,0,598
asynchronous,sphere,4,16,600,13,1.2847334548285782e-06,598,600,0,0,598
asynchronous,sphere,4,16,600,14,2.949239778239294e-06,598,600,0,0,598
asynchronous,sphere,4,16,600,15,5.989697572795731e-07,598,600,0,0,598
generational,sphere,4,60,120,0,7.5510366372780595,61,120,0,0,2
generational,sphere,4,60,120,1,5.059366349519914,61,120,0,0,2
generational,sphere,4,60,120,2,5.966447409283914,61,120,0,0,2
generational,sphere,4,60,120,3,6.912535635408136,61,120,0,0,2
generational,sphere,4,60,120,4,6.650134635175816,61,120,0,0,2
generational,sphere,4,60,120,5,3.8019430496215376,61,120,0,0,2
generational,sphere,4,60,120,6,6.17768419485763,61,120,0,0,2
generational,sphere,4,60,120,7,4.774861141473515,61,120,0,0,2
generational,sphere,4,60,120,8,5.7984028245591075,61,120,0,0,2
generational,sphere,4,60,120,9,4.360499494544064,61,120,0,0,2
generational,sphere,4,60,120,10,2.1809433409253756,61,120,0,0,2
generational,sphere,4,60,120,11,7.085632144400289,61,120,0,0,2
generational,sphere,4,60,120,12,1.9429500204990795,61,120,0,0,2
generational,sphere,4,60,120,13,1.4972043679573348,61,120,0,0,2
generational,sphere,4,60,120,14,1.3500414195385224,61,120,0,0,2
generational,sphere,4,60,120,15,1.7768543070027498,61,120,0,0,2
asynchronous,sphere,4,60,120,0,4.495128801698549,118,120,0,0,118
asynchronous,sphere,4,60,120,1,2.4603213367460834,118,120,0,0,118
asynchronous,sphere,4,60,120,2,4.807370515400331,118,120,0,0,118
asynchronous,sphere,4,60,120,3,3.070268471225996,118,120,0,0,118
asynchronous,sphere,4,60,120,4,2.2441089487035137,118,120,0,0,118
asynchronous,sphere,4,60,120,5,1.414661255483079,118,120,0,0,118
asynchronous,sphere,4,60,120,6,6.17768419485763,118,120,0,0,118
asynchronous,sphere,4,60,120,7,4.552964307360188,118,120,0,0,118
asynchronous,sphere,4,60,120,8,5.695034756209547,118,120,0,0,118
asynchronous,sphere,4,60,120,9,1.1927976147410126,118,120,0,0,118
asynchronous,sphere,4,60,120,10,2.1809433409253756,118,120,0,0,118
asynchronous,sphere,4,60,120,11,3.7546827505243616,118,120,0,0,118
asynchronous,sphere,4,60,120,12,1.9429500204990795,118,120,0,0,118
asynchronous,sphere,4,60,120,13,0.21127092291855232,118,120,0,0,118
asynchronous,sphere,4,60,120,14,1.0784270972579162,118,120,0,0,118
asynchronous,sphere,4,60,120,15,1.4216643662914326,118,120,0,0,118
generational,sphere,4,60,240,0,4.12329794438805,181,240,0,0,4
generational,sphere,4,60,240,1,0.4760516618246141,181,240,0,0,4
generational,sphere,4,60,240,2,0.7141825682210334,181,240,0,0,4
generational,sphere,4,60,240,3,1.3401537617367172,181,240,0,0,4
generational,sphere,4,60,240,4,1.8254593145433358,181,240,0,0,4
generational,sphere,4,60,240,5,0.7406791747576597,181,240,0,0,4
generational,sphere,4,60,240,6,3.770604599296915,181,240,0,0,4
generational,sphere,4,60,240,7,0.7402725462260707,181,240,0,0,4
generational,sphere,4,60,240,8,1.7219157604750506,181,240,0,0,4
generational,sphere,4,60,240,9,1.1927976147410126,181,240,0,0,4
generational,sphere,4,60,240,10,2.1809433409253756,181,240,0,0,4
generational,sphere,4,60,240,11,2.5251400110429154,181,240,0,0,4
generational,sphere,4,60,240,12,1.022665244670609,181,240,0,0,4
generational,sphere,4,60,240,13,1.4972043679573348,181,240,0,0,4
generational,sphere,4,60,240,14,0.9534617270040432,181,240,0,0,4
generational,sphere,4,60,240,15,1.4216643662914326,181,240,0,0,4
asynchronous,sphere,4,60,240,0,1.55781229789828,238,240,0,0,238
asynchronous,sphere,4,60,240,1,0.7160512352341042,238,240,0,0,238
asynchronous,sphere,4,60,240,2,0.9743322788826791,238,240,0,0,238
asynchronous,sphere,4,60,240,3,1.0645510033435504,238,240,0,0,238
asynchronous,sphere,4,60,240,4,1.0981159579519777,238,240,0,0,238
asynchronous,sphere,4,60,240,5,1.35239453234195,238,240,0,0,238
asynchronous,sphere,4,60,240,6,0.6492121035976981,238,240,0,0,238
asynchronous,sphere,4,60,240,7,1.4964622883569607,238,240,0,0,238
asynchronous,sphere,4,60,240,8,2.1834970673107654,238,240,0,0,238
asynchronous,sphere,4,60,240,9,0.6052413854357084,238,240,0,0,238
asynchronous,sphere,4,60,240,10,0.7681028039783675,238,240,0,0,238
asynchronous,sphere,4,60,240,11,1.6616989138528269,238,240,0,0,238
asynchronous,sphere,4,60,240,12,0.6898928510685732,238,240,0,0,238
asynchronous,sphere,4,60,240,13,0.21127092291855232,238,240,0,0,238
asynchronous,sphere,4,60,240,14,0.8246569199747676,238,240,0,0,238
asynchronous,sphere,4,60,240,15,1.4216643662914326,238,240,0,0,238
generational,sphere,4,60,600,0,0.1906732409923946,541,600,0,0,10
generational,sphere,4,60,600,1,0.2519727533575232,541,600,0,0,10
generational,sphere,4,60,600,2,0.2779118906675651,541,600,0,0,10
generational,sphere,4,60,600,3,0.17393446959322617,541,600,0,0,10
generational,sphere,4,60,600,4,0.21578995356517447,541,600,0,0,10
generational,sphere,4,60,600,5,0.03972121017136106,541,600,0,0,10
generational,sphere,4,60,600,6,0.22258778133346052,541,600,0,0,10
generational,sphere,4,60,600,7,0.0863181916390974,541,600,0,0,10
generational,sphere,4,60,600,8,0.16656760592161285,541,600,0,0,10
generational,sphere,4,60,600,9,0.09247960465748449,541,600,0,0,10
generational,sphere,4,60,600,10,0.3545138854423935,541,600,0,0,10
generational,sphere,4,60,600,11,0.14019724446081244,541,600,0,0,10
generational,sphere,4,60,600,12,0.16930672392266308,541,600,0,0,10
generational,sphere,4,60,600,13,0.22632487600991533,541,600,0,0,10
generational,sphere,4,60,600,14,0.09059977130006744,541,600,0,0,10
generational,sphere,4,60,600,15,0.2133821843928684,541,600,0,0,10
asynchronous,sphere,4,60,600,0,0.12752954026672908,598,600,0,0,598
asynchronous,sphere,4,60,600,1,0.06579889656910236,598,600,0,0,598
asynchronous,sphere,4,60,600,2,0.012991518069401218,598,600,0,0,598
asynchronous,sphere,4,60,600,3,0.028866596837013127,598,600,0,0,598
asynchronous,sphere,4,60,600,4,0.06327687330049654,598,600,0,0,598
asynchronous,sphere,4,60,600,5,0.07023843825924664,598,600,0,0,598
asynchronous,sphere,4,60,600,6,0.07354300581178683,598,600,0,0,598
asynchronous,sphere,4,60,600,7,0.07710583379836576,598,600,0,0,598
asynchronous,sphere,4,60,600,8,0.0706939274126412,598,600,0,0,598
asynchronous,sphere,4,60,600,9,0.17500186936864925,598,600,0,0,598
asynchronous,sphere,4,60,600,10,0.120842180667116,598,600,0,0,598
asynchronous,sphere,4,60,600,11,0.08999338319918297,598,600,0,0,598
asynchronous,sphere,4,60,600,12,0.09173054154972475,598,600,0,0,598
asynchronous,sphere,4,60,600,13,0.0128495049006398,598,600,0,0,598
asynchronous,sphere,4,60,600,14,0.10392686040003642,598,600,0,0,598
asynchronous,sphere,4,60,600,15,0.12150010008434375,598,600,0,0,598
generational,ackley,4,8,120,0,1.3846074154516441,113,120,0,0,15
generational,ackley,4,8,120,1,1.9394121932701762,113,120,0,0,15
generational,ackley,4,8,120,2,1.1855685870864687,113,120,0,0,15
generational,ackley,4,8,120,3,2.6741435137229037,113,120,0,0,15
generational,ackley,4,8,120,4,1.1891592491376,113,120,0,0,15
generational,ackley,4,8,120,5,1.5803928904780098,113,120,0,0,15
generational,ackley,4,8,120,6,0.5558896463730432,113,120,0,0,15
generational,ackley,4,8,120,7,1.0312617517242342,113,120,0,0,15
generational,ackley,4,8,120,8,2.4080138349359683,113,120,0,0,15
generational,ackley,4,8,120,9,3.4089436091358647,113,120,0,0,15
generational,ackley,4,8,120,10,1.5564733775364457,113,120,0,0,15
generational,ackley,4,8,120,11,3.0461929553234346,113,120,0,0,15
generational,ackley,4,8,120,12,0.8021980600954426,113,120,0,0,15
generational,ackley,4,8,120,13,2.2447698805449012,113,120,0,0,15
generational,ackley,4,8,120,14,3.890448406583705,113,120,0,0,15
generational,ackley,4,8,120,15,1.674305244553953,113,120,0,0,15
asynchronous,ackley,4,8,120,0,2.6529272169817877,118,120,0,0,118
asynchronous,ackley,4,8,120,1,2.932361380564189,118,120,0,0,118
asynchronous,ackley,4,8,120,2,0.26884252318212676,118,120,0,0,118
asynchronous,ackley,4,8,120,3,0.6840392505922464,118,120,0,0,118
asynchronous,ackley,4,8,120,4,0.44041434600570684,118,120,0,0,118
asynchronous,ackley,4,8,120,5,2.491539457232918,118,120,0,0,118
asynchronous,ackley,4,8,120,6,1.961047017675551,118,120,0,0,118
asynchronous,ackley,4,8,120,7,1.5049008129312473,118,120,0,0,118
asynchronous,ackley,4,8,120,8,0.7445241944075183,118,120,0,0,118
asynchronous,ackley,4,8,120,9,2.9403381925601377,118,120,0,0,118
asynchronous,ackley,4,8,120,10,3.454792221477796,118,120,0,0,118
asynchronous,ackley,4,8,120,11,2.9106643938877323,118,120,0,0,118
asynchronous,ackley,4,8,120,12,3.0402451505969634,118,120,0,0,118
asynchronous,ackley,4,8,120,13,2.614820459512121,118,120,0,0,118
asynchronous,ackley,4,8,120,14,2.989747551895381,118,120,0,0,118
asynchronous,ackley,4,8,120,15,2.2644099733774685,118,120,0,0,118
generational,ackley,4,8,240,0,0.01618157592306746,233,240,0,0,30
generational,ackley,4,8,240,1,0.0414909494037059,233,240,0,0,30
generational,ackley,4,8,240,2,0.04589726723200416,233,240,0,0,30
generational,ackley,4,8,240,3,0.29368190625248447,233,240,0,0,30
generational,ackley,4,8,240,4,0.10949488442884503,233,240,0,0,30
generational,ackley,4,8,240,5,0.07502489725164851,233,240,0,0,30
generational,ackley,4,8,240,6,0.10074205403083214,233,240,0,0,30
generational,ackley,4,8,240,7,0.036254138175074946,233,240,0,0,30
generational,ackley,4,8,240,8,0.13096319849622562,233,240,0,0,30
generational,ackley,4,8,240,9,2.0836765605064618,233,240,0,0,30
generational,ackley,4,8,240,10,0.13039821654319939,233,240,0,0,30
generational,ackley,4,8,240,11,1.8499057272017834,233,240,0,0,30
generational,ackley,4,8,240,12,0.48367617080254677,233,240,0,0,30
generational,ackley,4,8,240,13,1.8495757925905605,233,240,0,0,30
generational,ackley,4,8,240,14,2.580938937763442,233,240,0,0,30
generational,ackley,4,8,240,15,0.07110596410746739,233,240,0,0,30
asynchronous,ackley,4,8,240,0,1.8526675795768353,238,240,0,0,238
asynchronous,ackley,4,8,240,1,0.11486176413567906,238,240,0,0,238
asynchronous,ackley,4,8,240,2,0.019168521880370992,238,240,0,0,238
asynchronous,ackley,4,8,240,3,0.019257668511976522,238,240,0,0,238
asynchronous,ackley,4,8,240,4,0.2390063478631963,238,240,0,0,238
asynchronous,ackley,4,8,240,5,0.32185976866996,238,240,0,0,238
asynchronous,ackley,4,8,240,6,1.8284313912931336,238,240,0,0,238
asynchronous,ackley,4,8,240,7,0.08420002450677488,238,240,0,0,238
asynchronous,ackley,4,8,240,8,0.0185160725030582,238,240,0,0,238
asynchronous,ackley,4,8,240,9,0.09432853328096913,238,240,0,0,238
asynchronous,ackley,4,8,240,10,3.1290820587184105,238,240,0,0,238
asynchronous,ackley,4,8,240,11,0.6933147221071008,238,240,0,0,238
asynchronous,ackley,4,8,240,12,1.8558094454186613,238,240,0,0,238
asynchronous,ackley,4,8,240,13,1.8520883114387066,238,240,0,0,238
asynchronous,ackley,4,8,240,14,1.9560141974833596,238,240,0,0,238
asynchronous,ackley,4,8,240,15,1.8847786641329347,238,240,0,0,238
generational,ackley,4,8,600,0,8.92007395987271e-05,593,600,0,0,75
generational,ackley,4,8,600,1,2.726974535649518e-05,593,600,0,0,75
generational,ackley,4,8,600,2,1.2928905281928138e-05,593,600,0,0,75
generational,ackley,4,8,600,3,0.0011222684502496527,593,600,0,0,75
generational,ackley,4,8,600,4,8.795663340110949e-05,593,600,0,0,75
generational,ackley,4,8,600,5,9.873035470109315e-05,593,600,0,0,75
generational,ackley,4,8,600,6,0.0003975882003151021,593,600,0,0,75
generational,ackley,4,8,600,7,0.00019650785705893625,593,600,0,0,75
generational,ackley,4,8,600,8,0.0007598359201108629,593,600,0,0,75
generational,ackley,4,8,600,9,1.8404859414614987,593,600,0,0,75
generational,ackley,4,8,600,10,0.00019731660548005792,593,600,0,0,75
generational,ackley,4,8,600,11,1.8399934810850067,593,600,0,0,75
generational,ackley,4,8,600,12,0.001232125347240487,593,600,0,0,75
generational,ackley,4,8,600,13,1.8399934788531493,593,600,0,0,75
generational,ackley,4,8,600,14,2.5799275676041664,593,600,0,0,75
generational,ackley,4,8,600,15,0.0009476363309528502,593,600,0,0,75
asynchronous,ackley,4,8,600,0,1.8399940266633235,598,600,0,0,598
asynchronous,ackley,4,8,600,1,9.493668313753645e-05,598,600,0,0,598
asynchronous,ackley,4,8,600,2,2.11359634474384e-05,598,600,0,0,598
asynchronous,ackley,4,8,600,3,1.4242418558740866e-05,598,600,0,0,598
asynchronous,ackley,4,8,600,4,0.00010703770529518764,598,600,0,0,598
asynchronous,ackley,4,8,600,5,0.019668594113082083,598,600,0,0,598
asynchronous,ackley,4,8,600,6,0.00025266723009353953,598,600,0,0,598
asynchronous,ackley,4,8,600,7,2.5202185501616015e-05,598,600,0,0,598
asynchronous,ackley,4,8,600,8,2.2209921710203417e-05,598,600,0,0,598
asynchronous,ackley,4,8,600,9,0.00010313086453139775,598,600,0,0,598
asynchronous,ackley,4,8,600,10,3.1268472980039133,598,600,0,0,598
asynchronous,ackley,4,8,600,11,0.0005001418005936564,598,600,0,0,598
asynchronous,ackley,4,8,600,12,1.8399936511584412,598,600,0,0,598
asynchronous,ackley,4,8,600,13,1.840024179777029,598,600,0,0,598
asynchronous,ackley,4,8,600,14,1.8399934901184634,598,600,0,0,598
asynchronous,ackley,4,8,600,15,1.8399935414950197,598,600,0,0,598
generational,ackley,4,16,120,0,3.4389540011620885,113,120,0,0,8
generational,ackley,4,16,120,1,3.5291721490870924,113,120,0,0,8
generational,ackley,4,16,120,2,4.0755601062179565,113,120,0,0,8
generational,ackley,4,16,120,3,3.1434621750922003,113,120,0,0,8
generational,ackley,4,16,120,4,2.858898383991353,113,120,0,0,8
generational,ackley,4,16,120,5,3.996921300811341,113,120,0,0,8
generational,ackley,4,16,120,6,2.0347350066227006,113,120,0,0,8
generational,ackley,4,16,120,7,3.074487754998455,113,120,0,0,8
generational,ackley,4,16,120,8,3.2591621854083646,113,120,0,0,8
generational,ackley,4,16,120,9,3.628455243519181,113,120,0,0,8
generational,ackley,4,16,120,10,3.5002121945236095,113,120,0,0,8
generational,ackley,4,16,120,11,3.386570453679561,113,120,0,0,8
generational,ackley,4,16,120,12,3.224098604869685,113,120,0,0,8
generational,ackley,4,16,120,13,2.6750872534275847,113,120,0,0,8
generational,ackley,4,16,120,14,3.2867569531936636,113,120,0,0,8
generational,ackley,4,16,120,15,3.1082526805323565,113,120,0,0,8
asynchronous,ackley,4,16,120,0,1.9756523817493243,118,120,0,0,118
asynchronous,ackley,4,16,120,1,4.556926717817166,118,120,0,0,118
asynchronous,ackley,4,16,120,2,3.3362433208161097,118,120,0,0,118
asynchronous,ackley,4,16,120,3,3.600949913937065,118,120,0,0,118
asynchronous,ackley,4,16,120,4,0.7427210695505875,118,120,0,0,118
asynchronous,ackley,4,16,120,5,3.6648987634444024,118,120,0,0,118
asynchronous,ackley,4,16,120,6,4.113024044006863,118,120,0,0,118
asynchronous,ackley,4,16,120,7,3.5632916871305658,118,120,0,0,118
asynchronous,ackley,4,16,120,8,2.416457836581206,118,120,0,0,118
asynchronous,ackley,4,16,120,9,3.332561480900481,118,120,0,0,118
asynchronous,ackley,4,16,120,10,2.553566708285033,118,120,0,0,118
asynchronous,ackley,4,16,120,11,3.0797286306651377,118,120,0,0,118
asynchronous,ackley,4,16,120,12,3.605819426225637,118,120,0,0,118
asynchronous,ackley,4,16,120,13,1.5082997589378278,118,120,0,0,118
asynchronous,ackley,4,16,120,14,1.1485007706785706,118,120,0,0,118
asynchronous,ackley,4,16,120,15,3.0553338503225054,118,120,0,0,118
generational,ackley,4,16,240,0,0.9122634014383348,225,240,0,0,15
generational,ackley,4,16,240,1,1.9851193607973205,225,240,0,0,15
generational,ackley,4,16,240,2,1.7812293986123149,225,240,0,0,15
generational,ackley,4,16,240,3,2.2653858667511853,225,240,0,0,15
generational,ackley,4,16,240,4,0.797411045907094,225,240,0,0,15
generational,ackley,4,16,240,5,2.1640297399345987,225,240,0,0,15
generational,ackley,4,16,240,6,0.19105987476668362,225,240,0,0,15
generational,ackley,4,16,240,7,2.8357871035560014,225,240,0,0,15
generational,ackley,4,16,240,8,0.3909197309341512,225,240,0,0,15
generational,ackley,4,16,240,9,1.4418429017693062,225,240,0,0,15
generational,ackley,4,16,240,10,2.139677072501318,225,240,0,0,15
generational,ackley,4,16,240,11,2.0922010970849922,225,240,0,0,15
generational,ackley,4,16,240,12,0.9795507573616793,225,240,0,0,15
generational,ackley,4,16,240,13,2.0213711025247325,225,240,0,0,15
generational,ackley,4,16,240,14,1.0308974816959489,225,240,0,0,15
generational,ackley,4,16,240,15,0.6009390067887641,225,240,0,0,15
asynchronous,ackley,4,16,240,0,0.5349827669108511,238,240,0,0,238
asynchronous,ackley,4,16,240,1,2.2961672180635593,238,240,0,0,238
asynchronous,ackley,4,16,240,2,0.6945143725555813,238,240,0,0,238
asynchronous,ackley,4,16,240,3,1.4933101732054017,238,240,0,0,238
asynchronous,ackley,4,16,240,4,0.6638430393826487,238,240,0,0,238
asynchronous,ackley,4,16,240,5,2.6584073203271363,238,240,0,0,238
asynchronous,ackley,4,16,240,6,1.5022614794564082,238,240,0,0,238
asynchronous,ackley,4,16,240,7,2.576786768574977,238,240,0,0,238
asynchronous,ackley,4,16,240,8,0.9594992253827859,238,240,0,0,238
asynchronous,ackley,4,16,240,9,0.9385220163867136,238,240,0,0,238
asynchronous,ackley,4,16,240,10,0.8719195707533101,238,240,0,0,238
asynchronous,ackley,4,16,240,11,1.5461959724493188,238,240,0,0,238
asynchronous,ackley,4,16,240,12,0.7490886757062332,238,240,0,0,238
asynchronous,ackley,4,16,240,13,0.2602313858135443,238,240,0,0,238
asynchronous,ackley,4,16,240,14,0.2050203757496658,238,240,0,0,238
asynchronous,ackley,4,16,240,15,1.2716228029186607,238,240,0,0,238
generational,ackley,4,16,600,0,0.00556151448251585,593,600,0,0,38
generational,ackley,4,16,600,1,0.04497118285279855,593,600,0,0,38
generational,ackley,4,16,600,2,0.029003717686450603,593,600,0,0,38
generational,ackley,4,16,600,3,0.02720045170211849,593,600,0,0,38
generational,ackley,4,16,600,4,0.008434371119865336,593,600,0,0,38
generational,ackley,4,16,600,5,0.017369875517691202,593,600,0,0,38
generational,ackley,4,16,600,6,0.004231210586944645,593,600,0,0,38
generational,ackley,4,16,600,7,0.024956386469910274,593,600,0,0,38
generational,ackley,4,16,600,8,0.0060874864444291354,593,600,0,0,38
generational,ackley,4,16,600,9,0.005628261038765903,593,600,0,0,38
generational,ackley,4,16,600,10,1.8405418812298788,593,600,0,0,38
generational,ackley,4,16,600,11,0.005126315666398984,593,600,0,0,38
generational,ackley,4,16,600,12,0.004602752897806983,593,600,0,0,38
generational,ackley,4,16,600,13,0.009644133035106695,593,600,0,0,38
generational,ackley,4,16,600,14,0.02131104848077614,593,600,0,0,38
generational,ackley,4,16,600,15,0.010955026981946947,593,600,0,0,38
asynchronous,ackley,4,16,600,0,0.0015389028375065728,598,600,0,0,598
asynchronous,ackley,4,16,600,1,0.025505447728268127,598,600,0,0,598
asynchronous,ackley,4,16,600,2,0.002345440642788521,598,600,0,0,598
asynchronous,ackley,4,16,600,3,0.0019852419124650744,598,600,0,0,598
asynchronous,ackley,4,16,600,4,0.008352185962568814,598,600,0,0,598
asynchronous,ackley,4,16,600,5,0.013040779937803837,598,600,0,0,598
asynchronous,ackley,4,16,600,6,0.005472534981255439,598,600,0,0,598
asynchronous,ackley,4,16,600,7,0.017265645762013282,598,600,0,0,598
asynchronous,ackley,4,16,600,8,0.007187563818928044,598,600,0,0,598
asynchronous,ackley,4,16,600,9,0.005349146056471188,598,600,0,0,598
asynchronous,ackley,4,16,600,10,0.004023700130645569,598,600,0,0,598
asynchronous,ackley,4,16,600,11,0.004237836270413187,598,600,0,0,598
asynchronous,ackley,4,16,600,12,0.0038588479409153997,598,600,0,0,598
asynchronous,ackley,4,16,600,13,0.0012305714138745039,598,600,0,0,598
asynchronous,ackley,4,16,600,14,0.0011310449682722101,598,600,0,0,598
asynchronous,ackley,4,16,600,15,0.009455342753032614,598,600,0,0,598
generational,ackley,4,60,120,0,6.308790087199938,61,120,0,0,2
generational,ackley,4,60,120,1,5.6296529483519,61,120,0,0,2
generational,ackley,4,60,120,2,5.871654460761214,61,120,0,0,2
generational,ackley,4,60,120,3,6.133501280346245,61,120,0,0,2
generational,ackley,4,60,120,4,6.5047486861281385,61,120,0,0,2
generational,ackley,4,60,120,5,5.392095266462029,61,120,0,0,2
generational,ackley,4,60,120,6,6.560195198140821,61,120,0,0,2
generational,ackley,4,60,120,7,5.205209100297388,61,120,0,0,2
generational,ackley,4,60,120,8,6.30216133387421,61,120,0,0,2
generational,ackley,4,60,120,9,5.257552762969549,61,120,0,0,2
generational,ackley,4,60,120,10,4.311474680513083,61,120,0,0,2
generational,ackley,4,60,120,11,5.190106285147689,61,120,0,0,2
generational,ackley,4,60,120,12,3.746628148078955,61,120,0,0,2
generational,ackley,4,60,120,13,3.512450901495875,61,120,0,0,2
generational,ackley,4,60,120,14,4.354567693786624,61,120,0,0,2
generational,ackley,4,60,120,15,4.467491353366988,61,120,0,0,2
asynchronous,ackley,4,60,120,0,5.77658712879029,118,120,0,0,118
asynchronous,ackley,4,60,120,1,4.28799812028651,118,120,0,0,118
asynchronous,ackley,4,60,120,2,4.488564437102717,118,120,0,0,118
asynchronous,ackley,4,60,120,3,4.772413604914984,118,120,0,0,118
asynchronous,ackley,4,60,120,4,3.222000684160396,118,120,0,0,118
asynchronous,ackley,4,60,120,5,3.670235148948255,118,120,0,0,118
asynchronous,ackley,4,60,120,6,6.497690499818095,118,120,0,0,118
asynchronous,ackley,4,60,120,7,4.94239626158917,118,120,0,0,118
asynchronous,ackley,4,60,120,8,5.40948948928164,118,120,0,0,118
asynchronous,ackley,4,60,120,9,4.09938426328052,118,120,0,0,118
asynchronous,ackley,4,60,120,10,4.311474680513083,118,120,0,0,118
asynchronous,ackley,4,60,120,11,5.190106285147689,118,120,0,0,118
asynchronous,ackley,4,60,120,12,3.746628148078955,118,120,0,0,118
asynchronous,ackley,4,60,120,13,2.3807108164937287,118,120,0,0,118
asynchronous,ackley,4,60,120,14,3.4061910911793913,118,120,0,0,118
asynchronous,ackley,4,60,120,15,3.888278418384133,118,120,0,0,118
generational,ackley,4,60,240,0,5.096868339087532,181,240,0,0,4
generational,ackley,4,60,240,1,3.2557946801994544,181,240,0,0,4
generational,ackley,4,60,240,2,2.523770610671001,181,240,0,0,4
generational,ackley,4,60,240,3,4.1789812773888535,181,240,0,0,4
generational,ackley,4,60,240,4,3.235415909517173,181,240,0,0,4
generational,ackley,4,60,240,5,5.3228072943445355,181,240,0,0,4
generational,ackley,4,60,240,6,4.739808877074196,181,240,0,0,4
generational,ackley,4,60,240,7,2.1530745283490806,181,240,0,0,4
generational,ackley,4,60,240,8,4.262043170199963,181,240,0,0,4
generational,ackley,4,60,240,9,4.091886435071057,181,240,0,0,4
generational,ackley,4,60,240,10,4.311474680513083,181,240,0,0,4
generational,ackley,4,60,240,11,4.836035980011953,181,240,0,0,4
generational,ackley,4,60,240,12,3.561297984185949,181,240,0,0,4
generational,ackley,4,60,240,13,3.512450901495875,181,240,0,0,4
generational,ackley,4,60,240,14,3.9280965807927015,181,240,0,0,4
generational,ackley,4,60,240,15,3.888278418384133,181,240,0,0,4
asynchronous,ackley,4,60,240,0,2.9982355987854494,238,240,0,0,238
asynchronous,ackley,4,60,240,1,4.28799812028651,238,240,0,0,238
asynchronous,ackley,4,60,240,2,3.1896083189254445,238,240,0,0,238
asynchronous,ackley,4,60,240,3,3.5275735069160636,238,240,0,0,238
asynchronous,ackley,4,60,240,4,3.222000684160396,238,240,0,0,238
asynchronous,ackley,4,60,240,5,3.670235148948255,238,240,0,0,238
asynchronous,ackley,4,60,240,6,3.4894726728961882,238,240,0,0,238
asynchronous,ackley,4,60,240,7,4.059405596329512,238,240,0,0,238
asynchronous,ackley,4,60,240,8,3.715471051992751,238,240,0,0,238
asynchronous,ackley,4,60,240,9,4.09938426328052,238,240,0,0,238
asynchronous,ackley,4,60,240,10,3.3944684965289977,238,240,0,0,238
asynchronous,ackley,4,60,240,11,2.312753612617684,238,240,0,0,238
asynchronous,ackley,4,60,240,12,2.7845998095350812,238,240,0,0,238
asynchronous,ackley,4,60,240,13,2.3807108164937287,238,240,0,0,238
asynchronous,ackley,4,60,240,14,2.3456198699246227,238,240,0,0,238
asynchronous,ackley,4,60,240,15,3.8010232970339186,238,240,0,0,238
generational,ackley,4,60,600,0,2.636298206194113,541,600,0,0,10
generational,ackley,4,60,600,1,2.039440779236316,541,600,0,0,10
generational,ackley,4,60,600,2,2.3418718008207127,541,600,0,0,10
generational,ackley,4,60,600,3,3.0474686203444112,541,600,0,0,10
generational,ackley,4,60,600,4,2.391100752445706,541,600,0,0,10
generational,ackley,4,60,600,5,2.4522516986935483,541,600,0,0,10
generational,ackley,4,60,600,6,2.06414382756951,541,600,0,0,10
generational,ackley,4,60,600,7,0.9375307343166601,541,600,0,0,10
generational,ackley,4,60,600,8,2.1953376161467237,541,600,0,0,10
generational,ackley,4,60,600,9,3.0463345609318577,541,600,0,0,10
generational,ackley,4,60,600,10,1.9315149595960546,541,600,0,0,10
generational,ackley,4,60,600,11,2.648224615165003,541,600,0,0,10
generational,ackley,4,60,600,12,2.148207156591273,541,600,0,0,10
generational,ackley,4,60,600,13,2.7114149159888616,541,600,0,0,10
generational,ackley,4,60,600,14,2.2528903824739896,541,600,0,0,10
generational,ackley,4,60,600,15,2.1382866823236104,541,600,0,0,10
asynchronous,ackley,4,60,600,0,1.2318789027679498,598,600,0,0,598
asynchronous,ackley,4,60,600,1,1.6545686840132388,598,600,0,0,598
asynchronous,ackley,4,60,600,2,1.8842201283811773,598,600,0,0,598
asynchronous,ackley,4,60,600,3,1.2205162992412757,598,600,0,0,598
asynchronous,ackley,4,60,600,4,2.2364349173168034,598,600,0,0,598
asynchronous,ackley,4,60,600,5,0.9483631719254544,598,600,0,0,598
asynchronous,ackley,4,60,600,6,0.57475078579234,598,600,0,0,598
asynchronous,ackley,4,60,600,7,1.2878536415358686,598,600,0,0,598
asynchronous,ackley,4,60,600,8,1.4432263456377368,598,600,0,0,598
asynchronous,ackley,4,60,600,9,2.13883878346384,598,600,0,0,598
asynchronous,ackley,4,60,600,10,1.2340053765840975,598,600,0,0,598
asynchronous,ackley,4,60,600,11,0.5913824932437035,598,600,0,0,598
asynchronous,ackley,4,60,600,12,1.279122613009538,598,600,0,0,598
asynchronous,ackley,4,60,600,13,0.263474314343775,598,600,0,0,598
asynchronous,ackley,4,60,600,14,1.9354654882907032,598,600,0,0,598
asynchronous,ackley,4,60,600,15,1.0833467303560984,598,600,0,0,598
generational,rosenbrock,4,8,120,0,23.575073625501847,113,120,0,0,15
generational,rosenbrock,4,8,120,1,11.925154469410609,113,120,0,0,15
generational,rosenbrock,4,8,120,2,24.402740466273098,113,120,0,0,15
generational,rosenbrock,4,8,120,3,87.75044058124489,113,120,0,0,15
generational,rosenbrock,4,8,120,4,44.43708854010458,113,120,0,0,15
generational,rosenbrock,4,8,120,5,19.72978176461512,113,120,0,0,15
generational,rosenbrock,4,8,120,6,11.688879041821375,113,120,0,0,15
generational,rosenbrock,4,8,120,7,46.12189788203983,113,120,0,0,15
generational,rosenbrock,4,8,120,8,16.95019803744129,113,120,0,0,15
generational,rosenbrock,4,8,120,9,40.326635421743546,113,120,0,0,15
generational,rosenbrock,4,8,120,10,22.61199087016884,113,120,0,0,15
generational,rosenbrock,4,8,120,11,6.009652621961397,113,120,0,0,15
generational,rosenbrock,4,8,120,12,57.028214862727296,113,120,0,0,15
generational,rosenbrock,4,8,120,13,70.70386465241712,113,120,0,0,15
generational,rosenbrock,4,8,120,14,20.19494788041139,113,120,0,0,15
generational,rosenbrock,4,8,120,15,159.84642828346136,113,120,0,0,15
asynchronous,rosenbrock,4,8,120,0,4.1172346704614,118,120,0,0,118
asynchronous,rosenbrock,4,8,120,1,6.978027986509986,118,120,0,0,118
asynchronous,rosenbrock,4,8,120,2,7.659639531733326,118,120,0,0,118
asynchronous,rosenbrock,4,8,120,3,4.553970309580082,118,120,0,0,118
asynchronous,rosenbrock,4,8,120,4,14.908586700773908,118,120,0,0,118
asynchronous,rosenbrock,4,8,120,5,11.062641348446341,118,120,0,0,118
asynchronous,rosenbrock,4,8,120,6,8.203247732748451,118,120,0,0,118
asynchronous,rosenbrock,4,8,120,7,1.7602214050688965,118,120,0,0,118
asynchronous,rosenbrock,4,8,120,8,73.28597365479973,118,120,0,0,118
asynchronous,rosenbrock,4,8,120,9,4.285830598250395,118,120,0,0,118
asynchronous,rosenbrock,4,8,120,10,55.77552443354602,118,120,0,0,118
asynchronous,rosenbrock,4,8,120,11,9.86858080745483,118,120,0,0,118
asynchronous,rosenbrock,4,8,120,12,33.9872765147165,118,120,0,0,118
asynchronous,rosenbrock,4,8,120,13,5.404102659407535,118,120,0,0,118
asynchronous,rosenbrock,4,8,120,14,10.517843708338159,118,120,0,0,118
asynchronous,rosenbrock,4,8,120,15,14.352778032822707,118,120,0,0,118
generational,rosenbrock,4,8,240,0,1.7455271271527424,233,240,0,0,30
generational,rosenbrock,4,8,240,1,3.8725934073083157,233,240,0,0,30
generational,rosenbrock,4,8,240,2,1.8729222198414648,233,240,0,0,30
generational,rosenbrock,4,8,240,3,23.868097323327273,233,240,0,0,30
generational,rosenbrock,4,8,240,4,2.8325290447965425,233,240,0,0,30
generational,rosenbrock,4,8,240,5,4.987618784838631,233,240,0,0,30
generational,rosenbrock,4,8,240,6,3.6044231917795218,233,240,0,0,30
generational,rosenbrock,4,8,240,7,3.140899845333769,233,240,0,0,30
generational,rosenbrock,4,8,240,8,3.9438680322826047,233,240,0,0,30
generational,rosenbrock,4,8,240,9,8.839955685344272,233,240,0,0,30
generational,rosenbrock,4,8,240,10,2.2828522012323496,233,240,0,0,30
generational,rosenbrock,4,8,240,11,2.7183403884331527,233,240,0,0,30
generational,rosenbrock,4,8,240,12,1.052707542445136,233,240,0,0,30
generational,rosenbrock,4,8,240,13,1.5829722557053572,233,240,0,0,30
generational,rosenbrock,4,8,240,14,2.5978194291717234,233,240,0,0,30
generational,rosenbrock,4,8,240,15,7.853132200952366,233,240,0,0,30
asynchronous,rosenbrock,4,8,240,0,2.0235104416511875,238,240,0,0,238
asynchronous,rosenbrock,4,8,240,1,0.10587062024792399,238,240,0,0,238
asynchronous,rosenbrock,4,8,240,2,3.855850717791885,238,240,0,0,238
asynchronous,rosenbrock,4,8,240,3,0.22372161835169216,238,240,0,0,238
asynchronous,rosenbrock,4,8,240,4,0.6775216975166718,238,240,0,0,238
asynchronous,rosenbrock,4,8,240,5,1.0306298904494438,238,240,0,0,238
asynchronous,rosenbrock,4,8,240,6,1.0124009187785417,238,240,0,0,238
asynchronous,rosenbrock,4,8,240,7,1.0693148820524798,238,240,0,0,238
asynchronous,rosenbrock,4,8,240,8,15.580300624154866,238,240,0,0,238
asynchronous,rosenbrock,4,8,240,9,0.704439458261373,238,240,0,0,238
asynchronous,rosenbrock,4,8,240,10,6.839752565321275,238,240,0,0,238
asynchronous,rosenbrock,4,8,240,11,3.7867485327928665,238,240,0,0,238
asynchronous,rosenbrock,4,8,240,12,3.7444222400564415,238,240,0,0,238
asynchronous,rosenbrock,4,8,240,13,4.345893024900208,238,240,0,0,238
asynchronous,rosenbrock,4,8,240,14,3.7691182780452452,238,240,0,0,238
asynchronous,rosenbrock,4,8,240,15,5.951753705802221,238,240,0,0,238
generational,rosenbrock,4,8,600,0,0.6982048556874527,593,600,0,0,75
generational,rosenbrock,4,8,600,1,3.6142742467290345,593,600,0,0,75
generational,rosenbrock,4,8,600,2,0.36882595530781387,593,600,0,0,75
generational,rosenbrock,4,8,600,3,0.1998477913467189,593,600,0,0,75
generational,rosenbrock,4,8,600,4,1.5576518167937095,593,600,0,0,75
generational,rosenbrock,4,8,600,5,3.704359462743828,593,600,0,0,75
generational,rosenbrock,4,8,600,6,3.4873526999283153,593,600,0,0,75
generational,rosenbrock,4,8,600,7,1.6451419332852653,593,600,0,0,75
generational,rosenbrock,4,8,600,8,3.702925452543511,593,600,0,0,75
generational,rosenbrock,4,8,600,9,2.2834399372322918,593,600,0,0,75
generational,rosenbrock,4,8,600,10,1.5392421683309525,593,600,0,0,75
generational,rosenbrock,4,8,600,11,0.8637575916282345,593,600,0,0,75
generational,rosenbrock,4,8,600,12,9.049209108599479e-05,593,600,0,0,75
generational,rosenbrock,4,8,600,13,0.5146503448819894,593,600,0,0,75
generational,rosenbrock,4,8,600,14,1.6108782180729264,593,600,0,0,75
generational,rosenbrock,4,8,600,15,5.529525198881313,593,600,0,0,75
asynchronous,rosenbrock,4,8,600,0,0.8158028147998211,598,600,0,0,598
asynchronous,rosenbrock,4,8,600,1,0.07653664607795099,598,600,0,0,598
asynchronous,rosenbrock,4,8,600,2,3.703293354945929,598,600,0,0,598
asynchronous,rosenbrock,4,8,600,3,0.0010366059778906538,598,600,0,0,598
asynchronous,rosenbrock,4,8,600,4,0.5191484417176331,598,600,0,0,598
asynchronous,rosenbrock,4,8,600,5,0.6912102818618294,598,600,0,0,598
asynchronous,rosenbrock,4,8,600,6,0.025316723356798167,598,600,0,0,598
asynchronous,rosenbrock,4,8,600,7,0.6761518241636462,598,600,0,0,598
asynchronous,rosenbrock,4,8,600,8,3.707236946334067,598,600,0,0,598
asynchronous,rosenbrock,4,8,600,9,0.27726045605962857,598,600,0,0,598
asynchronous,rosenbrock,4,8,600,10,1.000172027330866,598,600,0,0,598
asynchronous,rosenbrock,4,8,600,11,0.6806839971965325,598,600,0,0,598
asynchronous,rosenbrock,4,8,600,12,3.708220397109867,598,600,0,0,598
asynchronous,rosenbrock,4,8,600,13,4.103318143378777,598,600,0,0,598
asynchronous,rosenbrock,4,8,600,14,3.7079576819496536,598,600,0,0,598
asynchronous,rosenbrock,4,8,600,15,5.105899121549414,598,600,0,0,598
generational,rosenbrock,4,16,120,0,197.76578922218908,113,120,0,0,8
generational,rosenbrock,4,16,120,1,36.95405175464812,113,120,0,0,8
generational,rosenbrock,4,16,120,2,139.9488289462865,113,120,0,0,8
generational,rosenbrock,4,16,120,3,72.32612399559137,113,120,0,0,8
generational,rosenbrock,4,16,120,4,187.07745757611474,113,120,0,0,8
generational,rosenbrock,4,16,120,5,6.188842176642882,113,120,0,0,8
generational,rosenbrock,4,16,120,6,68.40696778367709,113,120,0,0,8
generational,rosenbrock,4,16,120,7,156.04499145270137,113,120,0,0,8
generational,rosenbrock,4,16,120,8,107.81426154291943,113,120,0,0,8
generational,rosenbrock,4,16,120,9,39.37560384911929,113,120,0,0,8
generational,rosenbrock,4,16,120,10,20.220973401103496,113,120,0,0,8
generational,rosenbrock,4,16,120,11,38.608194217353365,113,120,0,0,8
generational,rosenbrock,4,16,120,12,63.797653712779756,113,120,0,0,8
generational,rosenbrock,4,16,120,13,25.190127935006426,113,120,0,0,8
generational,rosenbrock,4,16,120,14,199.03714328488394,113,120,0,0,8
generational,rosenbrock,4,16,120,15,44.55916849555876,113,120,0,0,8
asynchronous,rosenbrock,4,16,120,0,16.32690206905713,118,120,0,0,118
asynchronous,rosenbrock,4,16,120,1,59.26993621752605,118,120,0,0,118
asynchronous,rosenbrock,4,16,120,2,130.93456670727687,118,120,0,0,118
asynchronous,rosenbrock,4,16,120,3,105.89528895223486,118,120,0,0,118
asynchronous,rosenbrock,4,16,120,4,98.5113962737671,118,120,0,0,118
asynchronous,rosenbrock,4,16,120,5,61.67763874951972,118,120,0,0,118
asynchronous,rosenbrock,4,16,120,6,6.045862535908983,118,120,0,0,118
asynchronous,rosenbrock,4,16,120,7,2.3790882067309465,118,120,0,0,118
asynchronous,rosenbrock,4,16,120,8,23.643823631580034,118,120,0,0,118
asynchronous,rosenbrock,4,16,120,9,44.60213397631786,118,120,0,0,118
asynchronous,rosenbrock,4,16,120,10,50.31498590524123,118,120,0,0,118
asynchronous,rosenbrock,4,16,120,11,80.9161459292842,118,120,0,0,118
asynchronous,rosenbrock,4,16,120,12,192.5108665930999,118,120,0,0,118
asynchronous,rosenbrock,4,16,120,13,79.19792841041857,118,120,0,0,118
asynchronous,rosenbrock,4,16,120,14,43.05981256705556,118,120,0,0,118
asynchronous,rosenbrock,4,16,120,15,45.38475734763198,118,120,0,0,118
generational,rosenbrock,4,16,240,0,7.522242555688154,225,240,0,0,15
generational,rosenbrock,4,16,240,1,0.8761920865627696,225,240,0,0,15
generational,rosenbrock,4,16,240,2,37.40805755338616,225,240,0,0,15
generational,rosenbrock,4,16,240,3,11.035959647239014,225,240,0,0,15
generational,rosenbrock,4,16,240,4,33.91511609731286,225,240,0,0,15
generational,rosenbrock,4,16,240,5,6.188842176642882,225,240,0,0,15
generational,rosenbrock,4,16,240,6,3.246080779112451,225,240,0,0,15
generational,rosenbrock,4,16,240,7,22.006849004294992,225,240,0,0,15
generational,rosenbrock,4,16,240,8,4.261102081369407,225,240,0,0,15
generational,rosenbrock,4,16,240,9,16.181588267472392,225,240,0,0,15
generational,rosenbrock,4,16,240,10,7.17786780207682,225,240,0,0,15
generational,rosenbrock,4,16,240,11,11.81235911152848,225,240,0,0,15
generational,rosenbrock,4,16,240,12,10.272078347465678,225,240,0,0,15
generational,rosenbrock,4,16,240,13,5.244395976600604,225,240,0,0,15
generational,rosenbrock,4,16,240,14,16.146929917862384,225,240,0,0,15
generational,rosenbrock,4,16,240,15,5.703156584390904,225,240,0,0,15
asynchronous,rosenbrock,4,16,240,0,2.7037104768248357,238,240,0,0,238
asynchronous,rosenbrock,4,16,240,1,4.188926663124441,238,240,0,0,238
asynchronous,rosenbrock,4,16,240,2,11.047385305233846,238,240,0,0,238
asynchronous,rosenbrock,4,16,240,3,31.745205135772938,238,240,0,0,238
asynchronous,rosenbrock,4,16,240,4,69.90790201377165,238,240,0,0,238
asynchronous,rosenbrock,4,16,240,5,7.986620898740639,238,240,0,0,238
asynchronous,rosenbrock,4,16,240,6,3.5948954240095135,238,240,0,0,238
asynchronous,rosenbrock,4,16,240,7,2.3790882067309465,238,240,0,0,238
asynchronous,rosenbrock,4,16,240,8,5.2738040029435025,238,240,0,0,238
asynchronous,rosenbrock,4,16,240,9,4.151728761990952,238,240,0,0,238
asynchronous,rosenbrock,4,16,240,10,23.672197638908212,238,240,0,0,238
asynchronous,rosenbrock,4,16,240,11,6.402507339384783,238,240,0,0,238
asynchronous,rosenbrock,4,16,240,12,17.17411215082445,238,240,0,0,238
asynchronous,rosenbrock,4,16,240,13,8.242324516835723,238,240,0,0,238
asynchronous,rosenbrock,4,16,240,14,6.103148843855974,238,240,0,0,238
asynchronous,rosenbrock,4,16,240,15,4.743362208184367,238,240,0,0,238
generational,rosenbrock,4,16,600,0,0.7004429618263119,593,600,0,0,38
generational,rosenbrock,4,16,600,1,0.5575302346059349,593,600,0,0,38
generational,rosenbrock,4,16,600,2,3.926899265135927,593,600,0,0,38
generational,rosenbrock,4,16,600,3,1.0254710285447786,593,600,0,0,38
generational,rosenbrock,4,16,600,4,1.4344913500399157,593,600,0,0,38
generational,rosenbrock,4,16,600,5,1.333494684797605,593,600,0,0,38
generational,rosenbrock,4,16,600,6,1.0853419502832966,593,600,0,0,38
generational,rosenbrock,4,16,600,7,2.9550258976383987,593,600,0,0,38
generational,rosenbrock,4,16,600,8,0.7744181585470216,593,600,0,0,38
generational,rosenbrock,4,16,600,9,3.722081611533754,593,600,0,0,38
generational,rosenbrock,4,16,600,10,0.5085768461183557,593,600,0,0,38
generational,rosenbrock,4,16,600,11,2.0879498461701758,593,600,0,0,38
generational,rosenbrock,4,16,600,12,4.143557732752825,593,600,0,0,38
generational,rosenbrock,4,16,600,13,1.196949735550682,593,600,0,0,38
generational,rosenbrock,4,16,600,14,0.032854059921127714,593,600,0,0,38
generational,rosenbrock,4,16,600,15,3.5226593116006173,593,600,0,0,38
asynchronous,rosenbrock,4,16,600,0,1.1544458787973624,598,600,0,0,598
asynchronous,rosenbrock,4,16,600,1,0.7481964448773151,598,600,0,0,598
asynchronous,rosenbrock,4,16,600,2,4.137953883015668,598,600,0,0,598
asynchronous,rosenbrock,4,16,600,3,3.783609135376264,598,600,0,0,598
asynchronous,rosenbrock,4,16,600,4,2.7349981112825743,598,600,0,0,598
asynchronous,rosenbrock,4,16,600,5,0.6985939736348213,598,600,0,0,598
asynchronous,rosenbrock,4,16,600,6,1.0635854479491995,598,600,0,0,598
asynchronous,rosenbrock,4,16,600,7,0.03026309354942405,598,600,0,0,598
asynchronous,rosenbrock,4,16,600,8,1.052260586990716,598,600,0,0,598
asynchronous,rosenbrock,4,16,600,9,0.5341240267425382,598,600,0,0,598
asynchronous,rosenbrock,4,16,600,10,0.05824030571871623,598,600,0,0,598
asynchronous,rosenbrock,4,16,600,11,3.8161780029604757,598,600,0,0,598
asynchronous,rosenbrock,4,16,600,12,3.419755291251329,598,600,0,0,598
asynchronous,rosenbrock,4,16,600,13,4.8282043392997505,598,600,0,0,598
asynchronous,rosenbrock,4,16,600,14,0.4935919074783379,598,600,0,0,598
asynchronous,rosenbrock,4,16,600,15,1.2088818385853748,598,600,0,0,598
generational,rosenbrock,4,60,120,0,1579.5226904393173,61,120,0,0,2
generational,rosenbrock,4,60,120,1,1792.0131896093858,61,120,0,0,2
generational,rosenbrock,4,60,120,2,98.9527472054152,61,120,0,0,2
generational,rosenbrock,4,60,120,3,449.09293880043367,61,120,0,0,2
generational,rosenbrock,4,60,120,4,413.29524236844406,61,120,0,0,2
generational,rosenbrock,4,60,120,5,1171.321281196535,61,120,0,0,2
generational,rosenbrock,4,60,120,6,2805.787022282392,61,120,0,0,2
generational,rosenbrock,4,60,120,7,314.8154953067606,61,120,0,0,2
generational,rosenbrock,4,60,120,8,2079.1795161691366,61,120,0,0,2
generational,rosenbrock,4,60,120,9,1615.5067805311137,61,120,0,0,2
generational,rosenbrock,4,60,120,10,346.7775905300912,61,120,0,0,2
generational,rosenbrock,4,60,120,11,1433.6126771356835,61,120,0,0,2
generational,rosenbrock,4,60,120,12,287.57788328634757,61,120,0,0,2
generational,rosenbrock,4,60,120,13,391.2741743073653,61,120,0,0,2
generational,rosenbrock,4,60,120,14,63.58863360439424,61,120,0,0,2
generational,rosenbrock,4,60,120,15,226.65931914351052,61,120,0,0,2
asynchronous,rosenbrock,4,60,120,0,443.5801674970894,118,120,0,0,118
asynchronous,rosenbrock,4,60,120,1,984.5905200715096,118,120,0,0,118
asynchronous,rosenbrock,4,60,120,2,98.9527472054152,118,120,0,0,118
asynchronous,rosenbrock,4,60,120,3,449.09293880043367,118,120,0,0,118
asynchronous,rosenbrock,4,60,120,4,413.29524236844406,118,120,0,0,118
asynchronous,rosenbrock,4,60,120,5,146.49136940253348,118,120,0,0,118
asynchronous,rosenbrock,4,60,120,6,182.96318002644213,118,120,0,0,118
asynchronous,rosenbrock,4,60,120,7,301.2326719637504,118,120,0,0,118
asynchronous,rosenbrock,4,60,120,8,315.8649082318181,118,120,0,0,118
asynchronous,rosenbrock,4,60,120,9,688.246337121968,118,120,0,0,118
asynchronous,rosenbrock,4,60,120,10,101.15517205080027,118,120,0,0,118
asynchronous,rosenbrock,4,60,120,11,665.3425315610418,118,120,0,0,118
asynchronous,rosenbrock,4,60,120,12,142.25831775756632,118,120,0,0,118
asynchronous,rosenbrock,4,60,120,13,101.22685440220422,118,120,0,0,118
asynchronous,rosenbrock,4,60,120,14,63.58863360439424,118,120,0,0,118
asynchronous,rosenbrock,4,60,120,15,105.6937025335487,118,120,0,0,118
generational,rosenbrock,4,60,240,0,103.86237215513958,181,240,0,0,4
generational,rosenbrock,4,60,240,1,178.4582429008708,181,240,0,0,4
generational,rosenbrock,4,60,240,2,98.9527472054152,181,240,0,0,4
generational,rosenbrock,4,60,240,3,257.0807291964802,181,240,0,0,4
generational,rosenbrock,4,60,240,4,270.46038504924877,181,240,0,0,4
generational,rosenbrock,4,60,240,5,88.07565584980705,181,240,0,0,4
generational,rosenbrock,4,60,240,6,102.80567428104384,181,240,0,0,4
generational,rosenbrock,4,60,240,7,136.97023781580688,181,240,0,0,4
generational,rosenbrock,4,60,240,8,184.77872054198207,181,240,0,0,4
generational,rosenbrock,4,60,240,9,235.67970018012699,181,240,0,0,4
generational,rosenbrock,4,60,240,10,87.90554177779096,181,240,0,0,4
generational,rosenbrock,4,60,240,11,730.1588453769998,181,240,0,0,4
generational,rosenbrock,4,60,240,12,200.92023669044755,181,240,0,0,4
generational,rosenbrock,4,60,240,13,97.40275083966755,181,240,0,0,4
generational,rosenbrock,4,60,240,14,63.58863360439424,181,240,0,0,4
generational,rosenbrock,4,60,240,15,105.6937025335487,181,240,0,0,4
asynchronous,rosenbrock,4,60,240,0,28.75424321471976,238,240,0,0,238
asynchronous,rosenbrock,4,60,240,1,91.9900658494693,238,240,0,0,238
asynchronous,rosenbrock,4,60,240,2,87.55671928441194,238,240,0,0,238
asynchronous,rosenbrock,4,60,240,3,139.8748546570918,238,240,0,0,238
asynchronous,rosenbrock,4,60,240,4,92.21076146134517,238,240,0,0,238
asynchronous,rosenbrock,4,60,240,5,56.21052341515262,238,240,0,0,238
asynchronous,rosenbrock,4,60,240,6,30.295867094548292,238,240,0,0,238
asynchronous,rosenbrock,4,60,240,7,57.96841669129477,238,240,0,0,238
asynchronous,rosenbrock,4,60,240,8,234.6940828026278,238,240,0,0,238
asynchronous,rosenbrock,4,60,240,9,70.52466270592055,238,240,0,0,238
asynchronous,rosenbrock,4,60,240,10,87.90554177779096,238,240,0,0,238
asynchronous,rosenbrock,4,60,240,11,136.0822763983061,238,240,0,0,238
asynchronous,rosenbrock,4,60,240,12,142.25831775756632,238,240,0,0,238
asynchronous,rosenbrock,4,60,240,13,101.22685440220422,238,240,0,0,238
asynchronous,rosenbrock,4,60,240,14,63.58863360439424,238,240,0,0,238
asynchronous,rosenbrock,4,60,240,15,105.6937025335487,238,240,0,0,238
generational,rosenbrock,4,60,600,0,4.839177046038626,541,600,0,0,10
generational,rosenbrock,4,60,600,1,28.788997556563096,541,600,0,0,10
generational,rosenbrock,4,60,600,2,37.070185960257334,541,600,0,0,10
generational,rosenbrock,4,60,600,3,32.742401092461044,541,600,0,0,10
generational,rosenbrock,4,60,600,4,5.990773676500375,541,600,0,0,10
generational,rosenbrock,4,60,600,5,56.51920739736186,541,600,0,0,10
generational,rosenbrock,4,60,600,6,7.709183707192708,541,600,0,0,10
generational,rosenbrock,4,60,600,7,26.40011263673643,541,600,0,0,10
generational,rosenbrock,4,60,600,8,6.533896184310657,541,600,0,0,10
generational,rosenbrock,4,60,600,9,23.181718497196435,541,600,0,0,10
generational,rosenbrock,4,60,600,10,9.75489894698142,541,600,0,0,10
generational,rosenbrock,4,60,600,11,15.189527903956973,541,600,0,0,10
generational,rosenbrock,4,60,600,12,21.0893759689953,541,600,0,0,10
generational,rosenbrock,4,60,600,13,48.9154653528895,541,600,0,0,10
generational,rosenbrock,4,60,600,14,15.82775600328896,541,600,0,0,10
generational,rosenbrock,4,60,600,15,10.548422720145128,541,600,0,0,10
asynchronous,rosenbrock,4,60,600,0,21.84440773277186,598,600,0,0,598
asynchronous,rosenbrock,4,60,600,1,5.618142546994173,598,600,0,0,598
asynchronous,rosenbrock,4,60,600,2,33.69113749608944,598,600,0,0,598
asynchronous,rosenbrock,4,60,600,3,5.577545353625441,598,600,0,0,598
asynchronous,rosenbrock,4,60,600,4,1.9034188815931912,598,600,0,0,598
asynchronous,rosenbrock,4,60,600,5,5.358809615487932,598,600,0,0,598
asynchronous,rosenbrock,4,60,600,6,10.462578910278898,598,600,0,0,598
asynchronous,rosenbrock,4,60,600,7,11.164199545215904,598,600,0,0,598
asynchronous,rosenbrock,4,60,600,8,9.604803153174931,598,600,0,0,598
asynchronous,rosenbrock,4,60,600,9,4.038456830717095,598,600,0,0,598
asynchronous,rosenbrock,4,60,600,10,11.576644838276342,598,600,0,0,598
asynchronous,rosenbrock,4,60,600,11,6.3628207928376455,598,600,0,0,598
asynchronous,rosenbrock,4,60,600,12,9.182889004645046,598,600,0,0,598
asynchronous,rosenbrock,4,60,600,13,9.646345037378854,598,600,0,0,598
asynchronous,rosenbrock,4,60,600,14,4.332103748154285,598,600,0,0,598
asynchronous,rosenbrock,4,60,600,15,5.5680926139535085,598,600,0,0,598
